p edge 7995 12264
e 5 4 2
e 5 1 1
e 4 2 5
e 4 3 4
e 9 8 4
e 9 1 3
e 8 6 2
e 8 7 9
e 14 13 2
e 14 10 10
e 13 11 7
e 13 12 1
e 18 17 1
e 18 10 2
e 17 15 4
e 17 16 4
e 22 21 9
e 22 10 10
e 21 19 1
e 21 20 9
e 26 25 4
e 26 10 9
e 25 23 7
e 25 24 4
e 30 29 8
e 30 10 10
e 29 27 5
e 29 28 1
e 35 34 3
e 35 31 7
e 34 32 6
e 34 33 5
e 39 38 3
e 39 31 4
e 38 36 6
e 38 37 2
e 43 42 2
e 43 31 7
e 42 40 2
e 42 41 6
e 48 47 6
e 48 44 10
e 47 45 5
e 47 46 1
e 53 52 8
e 53 49 9
e 52 50 2
e 52 51 7
e 58 57 2
e 58 54 9
e 57 55 5
e 57 56 10
e 63 62 6
e 63 59 10
e 62 60 4
e 62 61 2
e 67 66 1
e 67 59 4
e 66 64 5
e 66 65 2
e 71 70 4
e 71 59 2
e 70 68 7
e 70 69 5
e 75 74 8
e 75 59 6
e 74 72 3
e 74 73 6
e 80 79 6
e 80 76 4
e 79 77 5
e 79 78 2
e 85 84 10
e 85 81 3
e 84 82 9
e 84 83 4
e 89 88 3
e 89 81 8
e 88 86 7
e 88 87 5
e 94 93 9
e 94 90 4
e 93 91 6
e 93 92 1
e 98 97 4
e 98 90 1
e 97 95 6
e 97 96 7
e 102 101 5
e 102 90 2
e 101 99 4
e 101 100 10
e 107 106 6
e 107 103 4
e 106 104 8
e 106 105 7
e 111 110 8
e 111 103 3
e 110 108 5
e 110 109 3
e 115 114 4
e 115 103 9
e 114 112 9
e 114 113 5
e 119 118 10
e 119 103 7
e 118 116 10
e 118 117 7
e 124 123 6
e 124 120 4
e 123 121 3
e 123 122 9
e 129 128 8
e 129 125 2
e 128 126 1
e 128 127 2
e 133 132 3
e 133 125 3
e 132 130 7
e 132 131 10
e 138 137 2
e 138 134 7
e 137 135 7
e 137 136 10
e 143 142 8
e 143 139 9
e 142 140 5
e 142 141 9
e 147 146 1
e 147 139 2
e 146 144 9
e 146 145 5
e 151 150 6
e 151 139 2
e 150 148 5
e 150 149 7
e 156 155 3
e 156 152 8
e 155 153 1
e 155 154 5
e 161 160 9
e 161 157 3
e 160 158 9
e 160 159 2
e 165 164 5
e 165 157 9
e 164 162 10
e 164 163 4
e 169 168 3
e 169 157 6
e 168 166 3
e 168 167 9
e 174 173 9
e 174 170 1
e 173 171 10
e 173 172 6
e 179 178 8
e 179 175 1
e 178 176 2
e 178 177 6
e 184 183 5
e 184 180 4
e 183 181 1
e 183 182 4
e 188 187 10
e 188 180 2
e 187 185 2
e 187 186 8
e 193 192 2
e 193 189 9
e 192 190 3
e 192 191 3
e 197 196 8
e 197 189 9
e 196 194 3
e 196 195 5
e 202 201 9
e 202 198 10
e 201 199 7
e 201 200 4
e 207 206 9
e 207 203 4
e 206 204 5
e 206 205 7
e 211 210 6
e 211 203 8
e 210 208 9
e 210 209 8
e 215 214 2
e 215 203 4
e 214 212 4
e 214 213 2
e 220 219 6
e 220 216 1
e 219 217 10
e 219 218 9
e 224 223 4
e 224 216 10
e 223 221 4
e 223 222 1
e 228 227 2
e 228 225 1
e 227 117 4
e 227 226 2
e 232 231 1
e 232 225 6
e 231 229 2
e 231 230 9
e 237 236 4
e 237 233 5
e 236 234 8
e 236 235 4
e 242 241 9
e 242 238 3
e 241 239 10
e 241 240 10
e 247 246 8
e 247 243 4
e 246 244 8
e 246 245 7
e 252 251 4
e 252 248 2
e 251 249 2
e 251 250 7
e 256 255 6
e 256 248 7
e 255 253 7
e 255 254 8
e 259 258 1
e 259 248 2
e 258 222 1
e 258 257 7
e 263 262 6
e 263 248 2
e 262 260 4
e 262 261 4
e 268 267 4
e 268 264 9
e 267 265 8
e 267 266 3
e 273 272 7
e 273 269 3
e 272 270 5
e 272 271 8
e 278 277 4
e 278 274 2
e 277 275 8
e 277 276 9
e 283 282 2
e 283 279 1
e 282 280 9
e 282 281 1
e 288 287 2
e 288 284 4
e 287 285 3
e 287 286 7
e 293 292 8
e 293 289 8
e 292 290 4
e 292 291 7
e 297 296 1
e 297 289 3
e 296 294 7
e 296 295 1
e 301 300 7
e 301 289 5
e 300 298 8
e 300 299 5
e 305 304 7
e 305 289 9
e 304 302 8
e 304 303 3
e 310 309 4
e 310 306 5
e 309 307 4
e 309 308 1
e 314 313 10
e 314 306 9
e 313 311 1
e 313 312 6
e 318 317 1
e 318 306 1
e 317 315 10
e 317 316 8
e 323 322 9
e 323 319 9
e 322 320 3
e 322 321 1
e 327 326 9
e 327 324 2
e 326 33 3
e 326 325 2
e 330 329 10
e 330 324 2
e 329 218 4
e 329 328 7
e 333 332 2
e 333 324 10
e 332 257 4
e 332 331 10
e 336 335 10
e 336 324 1
e 335 37 10
e 335 334 2
e 339 338 7
e 339 324 10
e 338 261 10
e 338 337 9
e 344 343 6
e 344 340 5
e 343 341 4
e 343 342 6
e 349 348 4
e 349 345 5
e 348 346 7
e 348 347 3
e 352 351 5
e 352 345 8
e 351 328 6
e 351 350 2
e 357 356 1
e 357 353 8
e 356 354 10
e 356 355 10
e 361 360 2
e 361 353 2
e 360 358 9
e 360 359 4
e 365 364 9
e 365 362 5
e 364 363 3
e 364 341 6
e 370 369 2
e 370 366 4
e 369 367 6
e 369 368 5
e 374 373 3
e 374 366 8
e 373 371 9
e 373 372 5
e 378 377 10
e 378 366 9
e 377 375 1
e 377 376 9
e 383 382 5
e 383 379 2
e 382 380 3
e 382 381 5
e 386 385 2
e 386 379 2
e 385 384 9
e 385 208 3
e 391 390 5
e 391 387 5
e 390 388 10
e 390 389 4
e 396 395 6
e 396 392 4
e 395 393 5
e 395 394 9
e 401 400 8
e 401 397 5
e 400 398 1
e 400 399 2
e 406 405 7
e 406 402 5
e 405 403 1
e 405 404 1
e 411 410 6
e 411 407 3
e 410 408 5
e 410 409 3
e 415 414 8
e 415 407 9
e 414 412 7
e 414 413 9
e 420 419 1
e 420 416 2
e 419 417 2
e 419 418 3
e 424 423 9
e 424 416 1
e 423 421 6
e 423 422 10
e 429 428 9
e 429 425 3
e 428 426 7
e 428 427 3
e 434 433 1
e 434 430 5
e 433 431 6
e 433 432 1
e 439 438 6
e 439 435 4
e 438 436 4
e 438 437 2
e 444 443 6
e 444 440 9
e 443 441 7
e 443 442 10
e 449 448 3
e 449 445 4
e 448 446 3
e 448 447 3
e 453 452 7
e 453 445 1
e 452 450 3
e 452 451 6
e 458 457 7
e 458 454 4
e 457 455 5
e 457 456 3
e 462 461 2
e 462 454 7
e 461 459 1
e 461 460 8
e 465 464 4
e 465 454 4
e 464 463 8
e 464 393 6
e 470 469 5
e 470 466 4
e 469 467 4
e 469 468 1
e 474 473 4
e 474 466 7
e 473 471 6
e 473 472 5
e 479 478 2
e 479 475 5
e 478 476 6
e 478 477 9
e 483 482 7
e 483 475 9
e 482 480 6
e 482 481 1
e 487 486 2
e 487 475 5
e 486 484 3
e 486 485 10
e 492 491 5
e 492 488 1
e 491 489 2
e 491 490 10
e 497 496 7
e 497 493 6
e 496 494 6
e 496 495 7
e 501 500 10
e 501 493 9
e 500 498 2
e 500 499 7
e 505 504 10
e 505 493 4
e 504 502 5
e 504 503 1
e 510 509 7
e 510 506 1
e 509 507 9
e 509 508 9
e 515 514 4
e 515 511 6
e 514 512 7
e 514 513 2
e 519 518 6
e 519 511 10
e 518 516 6
e 518 517 2
e 521 520 5
e 521 511 9
e 520 303 5
e 520 176 7
e 525 524 6
e 525 522 7
e 524 523 5
e 524 403 9
e 529 528 3
e 529 526 4
e 528 527 7
e 528 104 7
e 532 531 3
e 532 526 10
e 531 530 10
e 531 112 5
e 536 535 7
e 536 526 9
e 535 533 1
e 535 534 5
e 540 539 5
e 540 526 4
e 539 537 7
e 539 538 10
e 544 543 10
e 544 526 6
e 543 541 8
e 543 542 8
e 548 547 8
e 548 526 4
e 547 545 9
e 547 546 8
e 553 552 3
e 553 549 2
e 552 550 5
e 552 551 9
e 558 557 10
e 558 554 6
e 557 555 2
e 557 556 4
e 562 561 5
e 562 554 4
e 561 559 4
e 561 560 3
e 566 565 1
e 566 554 1
e 565 563 4
e 565 564 8
e 571 570 10
e 571 567 2
e 570 568 8
e 570 569 7
e 576 575 10
e 576 572 4
e 575 573 7
e 575 574 8
e 581 580 7
e 581 577 4
e 580 578 3
e 580 579 1
e 586 585 2
e 586 582 7
e 585 583 4
e 585 584 3
e 591 590 9
e 591 587 8
e 590 588 1
e 590 589 9
e 595 594 4
e 595 587 2
e 594 592 8
e 594 593 3
e 600 599 8
e 600 596 9
e 599 597 9
e 599 598 10
e 605 604 6
e 605 601 8
e 604 602 10
e 604 603 9
e 609 608 7
e 609 601 9
e 608 606 8
e 608 607 3
e 612 611 8
e 612 601 8
e 611 610 5
e 611 537 4
e 616 615 5
e 616 601 9
e 615 613 8
e 615 614 4
e 621 620 5
e 621 617 8
e 620 618 2
e 620 619 5
e 625 624 4
e 625 617 5
e 624 622 6
e 624 623 6
e 628 627 9
e 628 617 2
e 627 291 3
e 627 626 3
e 632 631 4
e 632 617 7
e 631 629 3
e 631 630 4
e 636 635 2
e 636 617 7
e 635 633 7
e 635 634 6
e 639 638 9
e 639 617 8
e 638 637 7
e 638 45 1
e 644 643 4
e 644 640 7
e 643 641 7
e 643 642 10
e 648 647 1
e 648 640 10
e 647 645 7
e 647 646 8
e 652 651 1
e 652 640 6
e 651 649 5
e 651 650 7
e 657 656 7
e 657 653 9
e 656 654 9
e 656 655 10
e 661 660 4
e 661 653 8
e 660 658 4
e 660 659 5
e 666 665 7
e 666 662 8
e 665 663 1
e 665 664 7
e 669 668 6
e 669 662 7
e 668 667 3
e 668 516 8
e 672 671 3
e 672 662 10
e 671 670 9
e 671 302 1
e 677 676 7
e 677 673 10
e 676 674 10
e 676 675 1
e 681 680 2
e 681 673 7
e 680 678 3
e 680 679 8
e 686 685 3
e 686 682 1
e 685 683 5
e 685 684 7
e 690 689 6
e 690 682 4
e 689 687 8
e 689 688 6
e 695 694 6
e 695 691 7
e 694 692 5
e 694 693 7
e 699 698 5
e 699 691 2
e 698 696 8
e 698 697 1
e 704 703 9
e 704 700 1
e 703 701 6
e 703 702 4
e 709 708 2
e 709 705 1
e 708 706 1
e 708 707 4
e 713 712 4
e 713 705 1
e 712 710 10
e 712 711 3
e 717 716 4
e 717 714 3
e 716 191 8
e 716 715 2
e 720 719 10
e 720 718 4
e 719 603 8
e 719 530 5
e 725 724 6
e 725 721 3
e 724 722 10
e 724 723 10
e 730 729 2
e 730 726 3
e 729 727 5
e 729 728 2
e 734 733 10
e 734 726 1
e 733 731 5
e 733 732 10
e 738 737 7
e 738 735 7
e 737 736 4
e 737 194 2
e 743 742 10
e 743 739 4
e 742 740 2
e 742 741 5
e 747 746 10
e 747 744 2
e 746 105 10
e 746 745 1
e 749 748 6
e 749 744 9
e 748 542 7
e 748 229 6
e 754 753 2
e 754 750 9
e 753 751 6
e 753 752 1
e 758 757 7
e 758 755 8
e 757 756 2
e 757 692 7
e 762 761 6
e 762 755 8
e 761 759 3
e 761 760 7
e 766 765 3
e 766 763 9
e 765 764 5
e 765 563 10
e 770 769 9
e 770 767 8
e 769 688 8
e 769 768 7
e 774 773 10
e 774 767 5
e 773 771 6
e 773 772 4
e 779 778 2
e 779 775 5
e 778 776 8
e 778 777 4
e 783 782 8
e 783 775 10
e 782 780 10
e 782 781 7
e 787 786 6
e 787 775 1
e 786 784 8
e 786 785 6
e 791 790 3
e 791 775 8
e 790 788 4
e 790 789 6
e 795 794 5
e 795 775 6
e 794 792 5
e 794 793 10
e 800 799 5
e 800 796 9
e 799 797 1
e 799 798 9
e 804 803 4
e 804 796 2
e 803 801 4
e 803 802 7
e 808 807 8
e 808 805 9
e 807 806 4
e 807 363 8
e 813 812 8
e 813 809 8
e 812 810 1
e 812 811 2
e 817 816 5
e 817 809 4
e 816 814 7
e 816 815 4
e 822 821 5
e 822 818 10
e 821 819 6
e 821 820 8
e 827 826 9
e 827 823 9
e 826 824 6
e 826 825 7
e 831 830 9
e 831 823 6
e 830 828 6
e 830 829 8
e 835 834 5
e 835 823 5
e 834 832 5
e 834 833 4
e 839 838 2
e 839 836 4
e 838 837 6
e 838 68 2
e 844 843 9
e 844 840 3
e 843 841 4
e 843 842 4
e 848 847 8
e 848 840 5
e 847 845 10
e 847 846 9
e 852 851 10
e 852 840 5
e 851 849 2
e 851 850 4
e 857 856 5
e 857 853 4
e 856 854 6
e 856 855 3
e 862 861 5
e 862 858 1
e 861 859 9
e 861 860 3
e 866 865 5
e 866 863 1
e 865 145 1
e 865 864 9
e 871 870 5
e 871 867 3
e 870 868 8
e 870 869 2
e 875 874 1
e 875 867 10
e 874 872 5
e 874 873 8
e 878 877 8
e 878 867 8
e 877 876 6
e 877 285 3
e 882 881 1
e 882 867 5
e 881 879 8
e 881 880 2
e 886 885 2
e 886 867 7
e 885 883 8
e 885 884 2
e 891 890 10
e 891 887 1
e 890 888 3
e 890 889 3
e 896 895 10
e 896 892 5
e 895 893 2
e 895 894 4
e 900 899 2
e 900 892 9
e 899 897 7
e 899 898 10
e 904 903 10
e 904 901 10
e 903 451 4
e 903 902 9
e 909 908 7
e 909 905 8
e 908 906 8
e 908 907 5
e 914 913 10
e 914 910 7
e 913 911 5
e 913 912 10
e 918 917 10
e 918 910 1
e 917 915 10
e 917 916 2
e 923 922 4
e 923 919 4
e 922 920 5
e 922 921 2
e 928 927 3
e 928 924 4
e 927 925 3
e 927 926 9
e 932 931 2
e 932 924 3
e 931 929 1
e 931 930 7
e 936 935 8
e 936 924 10
e 935 933 8
e 935 934 5
e 940 939 1
e 940 924 4
e 939 937 5
e 939 938 5
e 944 943 8
e 944 924 2
e 943 941 4
e 943 942 5
e 947 946 10
e 947 945 4
e 946 642 7
e 946 446 2
e 950 949 9
e 950 945 4
e 949 646 3
e 949 948 5
e 953 952 3
e 953 945 2
e 952 650 1
e 952 951 3
e 958 957 5
e 958 954 10
e 957 955 10
e 957 956 5
e 961 960 8
e 961 954 2
e 960 855 8
e 960 959 5
e 965 964 7
e 965 954 5
e 964 962 9
e 964 963 9
e 969 968 8
e 969 954 8
e 968 966 2
e 968 967 10
e 972 971 1
e 972 970 7
e 971 956 6
e 971 476 10
e 977 976 5
e 977 973 1
e 976 974 2
e 976 975 4
e 981 980 10
e 981 973 10
e 980 978 1
e 980 979 5
e 986 985 10
e 986 982 1
e 985 983 3
e 985 984 8
e 991 990 9
e 991 987 8
e 990 988 5
e 990 989 3
e 994 993 10
e 994 987 7
e 993 979 8
e 993 992 2
e 998 997 8
e 998 987 6
e 997 995 7
e 997 996 6
e 1003 1002 6
e 1003 999 2
e 1002 1000 3
e 1002 1001 6
e 1007 1006 7
e 1007 1004 8
e 1006 1005 5
e 1006 915 7
e 1011 1010 9
e 1011 1008 1
e 1010 1009 8
e 1010 426 2
e 1016 1015 6
e 1016 1012 5
e 1015 1013 6
e 1015 1014 2
e 1020 1019 7
e 1020 1012 9
e 1019 1017 1
e 1019 1018 9
e 1025 1024 8
e 1025 1021 7
e 1024 1022 1
e 1024 1023 4
e 1029 1028 9
e 1029 1021 6
e 1028 1026 10
e 1028 1027 8
e 1034 1033 8
e 1034 1030 1
e 1033 1031 4
e 1033 1032 5
e 1039 1038 9
e 1039 1035 3
e 1038 1036 5
e 1038 1037 8
e 1043 1042 8
e 1043 1035 2
e 1042 1040 1
e 1042 1041 10
e 1047 1046 4
e 1047 1044 3
e 1046 136 5
e 1046 1045 9
e 1050 1049 1
e 1050 1044 9
e 1049 1048 7
e 1049 929 2
e 1055 1054 4
e 1055 1051 2
e 1054 1052 8
e 1054 1053 2
e 1060 1059 3
e 1060 1056 8
e 1059 1057 5
e 1059 1058 9
e 1063 1062 5
e 1063 1056 7
e 1062 975 8
e 1062 1061 8
e 1067 1066 4
e 1067 1056 8
e 1066 1064 9
e 1066 1065 3
e 1071 1070 7
e 1071 1068 4
e 1070 399 10
e 1070 1069 9
e 1076 1075 3
e 1076 1072 2
e 1075 1073 5
e 1075 1074 7
e 1081 1080 6
e 1081 1077 9
e 1080 1078 5
e 1080 1079 1
e 1084 1083 5
e 1084 1077 5
e 1083 768 10
e 1083 1082 10
e 1087 1086 8
e 1087 1077 3
e 1086 772 8
e 1086 1085 9
e 1090 1089 8
e 1090 1088 6
e 1089 574 6
e 1089 217 9
e 1093 1092 9
e 1093 1088 7
e 1092 1091 8
e 1092 221 6
e 1096 1095 4
e 1096 1088 4
e 1095 1094 10
e 1095 260 7
e 1101 1100 4
e 1101 1097 7
e 1100 1098 1
e 1100 1099 6
e 1105 1104 8
e 1105 1102 7
e 1104 1103 7
e 1104 810 3
e 1108 1107 8
e 1108 1102 1
e 1107 1106 3
e 1107 814 9
e 1113 1112 10
e 1113 1109 6
e 1112 1110 2
e 1112 1111 8
e 1118 1117 2
e 1118 1114 9
e 1117 1115 8
e 1117 1116 1
e 1122 1121 3
e 1122 1119 7
e 1121 355 3
e 1121 1120 2
e 1127 1126 8
e 1127 1123 5
e 1126 1124 6
e 1126 1125 10
e 1130 1129 7
e 1130 1123 2
e 1129 16 6
e 1129 1128 9
e 1134 1133 7
e 1134 1131 6
e 1133 942 8
e 1133 1132 9
e 1139 1138 1
e 1139 1135 10
e 1138 1136 2
e 1138 1137 4
e 1142 1141 5
e 1142 1135 4
e 1141 760 2
e 1141 1140 7
e 1146 1145 2
e 1146 1143 2
e 1145 1144 8
e 1145 883 3
e 1150 1149 5
e 1150 1143 1
e 1149 1147 1
e 1149 1148 6
e 1154 1153 1
e 1154 1151 5
e 1153 1152 6
e 1153 674 6
e 1159 1158 7
e 1159 1155 3
e 1158 1156 4
e 1158 1157 9
e 1163 1162 7
e 1163 1155 10
e 1162 1160 3
e 1162 1161 3
e 1167 1166 3
e 1167 1155 2
e 1166 1164 10
e 1166 1165 7
e 1171 1170 10
e 1171 1155 4
e 1170 1168 8
e 1170 1169 10
e 1175 1174 3
e 1175 1155 4
e 1174 1172 8
e 1174 1173 5
e 1179 1178 8
e 1179 1176 5
e 1178 1177 1
e 1178 1144 8
e 1182 1181 5
e 1182 1180 9
e 1181 200 3
e 1181 507 2
e 1187 1186 8
e 1187 1183 6
e 1186 1184 10
e 1186 1185 5
e 1192 1191 7
e 1192 1188 5
e 1191 1189 8
e 1191 1190 5
e 1195 1194 4
e 1195 1188 7
e 1194 1193 8
e 1194 568 2
e 1199 1198 4
e 1199 1188 7
e 1198 1196 10
e 1198 1197 6
e 1203 1202 10
e 1203 1188 5
e 1202 1200 5
e 1202 1201 1
e 1208 1207 7
e 1208 1204 5
e 1207 1205 1
e 1207 1206 10
e 1213 1212 1
e 1213 1209 10
e 1212 1210 8
e 1212 1211 5
e 1216 1215 4
e 1216 1209 10
e 1215 1214 6
e 1215 797 4
e 1219 1218 4
e 1219 1209 10
e 1218 1217 5
e 1218 1000 3
e 1224 1223 2
e 1224 1220 1
e 1223 1221 5
e 1223 1222 8
e 1228 1227 1
e 1228 1220 10
e 1227 1225 6
e 1227 1226 3
e 1232 1231 2
e 1232 1220 5
e 1231 1229 6
e 1231 1230 7
e 1236 1235 3
e 1236 1233 4
e 1235 1234 3
e 1235 819 9
e 1240 1239 6
e 1240 1233 9
e 1239 1237 9
e 1239 1238 5
e 1244 1243 3
e 1244 1233 5
e 1243 1241 8
e 1243 1242 5
e 1249 1248 6
e 1249 1245 2
e 1248 1246 8
e 1248 1247 2
e 1253 1252 3
e 1253 1245 4
e 1252 1250 7
e 1252 1251 9
e 1255 1254 6
e 1255 1245 2
e 1254 785 7
e 1254 1164 1
e 1258 1257 5
e 1258 1245 9
e 1257 1222 2
e 1257 1256 8
e 1261 1260 6
e 1261 1245 5
e 1260 793 10
e 1260 1259 7
e 1266 1265 6
e 1266 1262 2
e 1265 1263 4
e 1265 1264 8
e 1270 1269 1
e 1270 1262 10
e 1269 1267 9
e 1269 1268 6
e 1273 1272 10
e 1273 1262 4
e 1272 1271 2
e 1272 489 8
e 1276 1275 5
e 1276 1262 7
e 1275 873 2
e 1275 1274 3
e 1280 1279 1
e 1280 1262 1
e 1279 1277 5
e 1279 1278 8
e 1285 1284 2
e 1285 1281 2
e 1284 1282 4
e 1284 1283 9
e 1289 1288 3
e 1289 1286 7
e 1288 1287 8
e 1288 845 6
e 1292 1291 9
e 1292 1286 7
e 1291 1290 10
e 1291 849 3
e 1297 1296 7
e 1297 1293 2
e 1296 1294 8
e 1296 1295 10
e 1301 1300 7
e 1301 1293 5
e 1300 1298 1
e 1300 1299 6
e 1304 1303 4
e 1304 1302 8
e 1303 894 8
e 1303 687 4
e 1307 1306 6
e 1307 1302 2
e 1306 1305 6
e 1306 1017 9
e 1311 1310 6
e 1311 1308 1
e 1310 1309 7
e 1310 613 5
e 1315 1314 4
e 1315 1312 2
e 1314 777 8
e 1314 1313 2
e 1319 1318 4
e 1319 1312 10
e 1318 1316 1
e 1318 1317 1
e 1323 1322 6
e 1323 1312 4
e 1322 1320 3
e 1322 1321 10
e 1327 1326 4
e 1327 1324 2
e 1326 1169 9
e 1326 1325 4
e 1332 1331 10
e 1332 1328 4
e 1331 1329 4
e 1331 1330 6
e 1335 1334 3
e 1335 1328 10
e 1334 1065 1
e 1334 1333 5
e 1339 1338 3
e 1339 1328 3
e 1338 1336 9
e 1338 1337 5
e 1341 1340 3
e 1341 1328 2
e 1340 122 1
e 1340 86 3
e 1345 1344 1
e 1345 1342 6
e 1344 989 4
e 1344 1343 10
e 1349 1348 6
e 1349 1346 1
e 1348 1023 3
e 1348 1347 5
e 1352 1351 1
e 1352 1346 3
e 1351 359 7
e 1351 1350 9
e 1356 1355 2
e 1356 1346 2
e 1355 1353 8
e 1355 1354 8
e 1361 1360 6
e 1361 1357 9
e 1360 1358 10
e 1360 1359 2
e 1364 1363 8
e 1364 1357 9
e 1363 1362 4
e 1363 398 10
e 1368 1367 1
e 1368 1365 9
e 1367 1366 5
e 1367 367 8
e 1372 1371 1
e 1372 1365 1
e 1371 1369 8
e 1371 1370 7
e 1376 1375 7
e 1376 1365 2
e 1375 1373 8
e 1375 1374 8
e 1381 1380 2
e 1381 1377 2
e 1380 1378 6
e 1380 1379 10
e 1385 1384 3
e 1385 1382 2
e 1384 634 3
e 1384 1383 5
e 1388 1387 10
e 1388 1386 10
e 1387 141 9
e 1387 249 6
e 1392 1391 7
e 1392 1389 10
e 1391 1390 9
e 1391 527 5
e 1396 1395 8
e 1396 1389 9
e 1395 1393 10
e 1395 1394 7
e 1400 1399 2
e 1400 1389 2
e 1399 1397 9
e 1399 1398 4
e 1405 1404 7
e 1405 1401 8
e 1404 1402 4
e 1404 1403 7
e 1409 1408 6
e 1409 1406 8
e 1408 1407 7
e 1408 888 7
e 1413 1412 2
e 1413 1406 6
e 1412 1410 7
e 1412 1411 6
e 1417 1416 5
e 1417 1414 6
e 1416 1415 3
e 1416 498 8
e 1420 1419 2
e 1420 1414 2
e 1419 1418 2
e 1419 502 2
e 1425 1424 7
e 1425 1421 2
e 1424 1422 6
e 1424 1423 3
e 1428 1427 9
e 1428 1421 1
e 1427 697 10
e 1427 1426 9
e 1432 1431 9
e 1432 1429 6
e 1431 321 2
e 1431 1430 7
e 1436 1435 6
e 1436 1429 7
e 1435 1433 1
e 1435 1434 5
e 1440 1439 10
e 1440 1437 5
e 1439 1438 6
e 1439 1263 2
e 1444 1443 10
e 1444 1437 9
e 1443 1441 4
e 1443 1442 3
e 1447 1446 8
e 1447 1437 4
e 1446 1445 2
e 1446 1267 6
e 1449 1448 9
e 1449 1437 6
e 1448 732 2
e 1448 736 5
e 1454 1453 10
e 1454 1450 4
e 1453 1451 7
e 1453 1452 9
e 1458 1457 10
e 1458 1455 10
e 1457 1456 9
e 1457 988 1
e 1462 1461 10
e 1462 1455 5
e 1461 1459 1
e 1461 1460 3
e 1467 1466 5
e 1467 1463 5
e 1466 1464 6
e 1466 1465 6
e 1471 1470 1
e 1471 1468 3
e 1470 1140 3
e 1470 1469 10
e 1474 1473 7
e 1474 1472 2
e 1473 437 3
e 1473 776 1
e 1478 1477 2
e 1478 1472 9
e 1477 1475 4
e 1477 1476 7
e 1482 1481 7
e 1482 1479 8
e 1481 312 6
e 1481 1480 3
e 1485 1484 6
e 1485 1479 5
e 1484 316 6
e 1484 1483 10
e 1490 1489 10
e 1490 1486 2
e 1489 1487 1
e 1489 1488 3
e 1494 1493 3
e 1494 1491 10
e 1493 1492 1
e 1493 837 2
e 1498 1497 5
e 1498 1495 8
e 1497 490 7
e 1497 1496 8
e 1503 1502 10
e 1503 1499 8
e 1502 1500 7
e 1502 1501 5
e 1506 1505 4
e 1506 1499 9
e 1505 1504 2
e 1505 876 6
e 1510 1509 7
e 1510 1499 2
e 1509 1507 5
e 1509 1508 10
e 1514 1513 8
e 1514 1499 9
e 1513 1511 5
e 1513 1512 1
e 1518 1517 4
e 1518 1515 7
e 1517 1516 10
e 1517 442 1
e 1523 1522 1
e 1523 1519 4
e 1522 1520 5
e 1522 1521 4
e 1527 1526 3
e 1527 1524 5
e 1526 802 5
e 1526 1525 6
e 1531 1530 2
e 1531 1528 1
e 1530 1529 8
e 1530 1294 7
e 1536 1535 3
e 1536 1532 3
e 1535 1533 7
e 1535 1534 9
e 1540 1539 4
e 1540 1532 9
e 1539 1537 9
e 1539 1538 6
e 1544 1543 2
e 1544 1532 7
e 1543 1541 1
e 1543 1542 7
e 1548 1547 1
e 1548 1532 8
e 1547 1545 2
e 1547 1546 6
e 1552 1551 10
e 1552 1549 7
e 1551 1550 10
e 1551 933 7
e 1557 1556 7
e 1557 1553 5
e 1556 1554 2
e 1556 1555 7
e 1560 1559 1
e 1560 1553 6
e 1559 1558 3
e 1559 162 10
e 1563 1562 8
e 1563 1553 6
e 1562 1561 2
e 1562 166 7
e 1568 1567 2
e 1568 1564 4
e 1567 1565 7
e 1567 1566 10
e 1572 1571 7
e 1572 1564 9
e 1571 1569 2
e 1571 1570 7
e 1575 1574 5
e 1575 1564 6
e 1574 1573 4
e 1574 1537 6
e 1577 1576 3
e 1577 1564 2
e 1576 418 9
e 1576 1545 2
e 1579 1578 9
e 1579 1564 9
e 1578 422 4
e 1578 1098 6
e 1584 1583 6
e 1584 1580 3
e 1583 1581 4
e 1583 1582 2
e 1588 1587 3
e 1588 1580 5
e 1587 1585 4
e 1587 1586 3
e 1592 1591 10
e 1592 1580 3
e 1591 1589 2
e 1591 1590 3
e 1595 1594 8
e 1595 1593 8
e 1594 495 10
e 1594 1110 10
e 1598 1597 8
e 1598 1593 10
e 1597 409 10
e 1597 1596 6
e 1601 1600 6
e 1601 1593 3
e 1600 413 8
e 1600 1599 2
e 1605 1604 8
e 1605 1602 8
e 1604 1321 5
e 1604 1603 5
e 1609 1608 10
e 1609 1606 1
e 1608 1037 6
e 1608 1607 9
e 1613 1612 2
e 1613 1610 5
e 1612 1061 8
e 1612 1611 8
e 1615 1614 1
e 1615 1610 1
e 1614 1333 6
e 1614 1152 5
e 1618 1617 2
e 1618 1610 2
e 1617 87 10
e 1617 1616 10
e 1623 1622 9
e 1623 1619 7
e 1622 1620 8
e 1622 1621 10
e 1628 1627 9
e 1628 1624 1
e 1627 1625 8
e 1627 1626 10
e 1632 1631 4
e 1632 1624 6
e 1631 1629 10
e 1631 1630 8
e 1636 1635 9
e 1636 1633 3
e 1635 1634 1
e 1635 1390 8
e 1638 1637 2
e 1638 1633 6
e 1637 1394 2
e 1637 606 9
e 1640 1639 3
e 1640 1633 1
e 1639 1398 4
e 1639 1309 8
e 1642 1641 8
e 1642 1124 9
e 1641 127 9
e 1641 1009 10
e 1644 1643 3
e 1644 1124 6
e 1643 131 6
e 1643 1282 5
e 1649 1648 7
e 1649 1645 7
e 1648 1646 6
e 1648 1647 10
e 1652 1651 1
e 1652 1645 6
e 1651 1452 2
e 1651 1650 6
e 1655 1654 2
e 1655 1653 9
e 1654 1603 7
e 1654 1561 5
e 1659 1658 5
e 1659 1656 10
e 1658 984 3
e 1658 1657 6
e 1663 1662 2
e 1663 1660 10
e 1662 1661 3
e 1662 759 6
e 1667 1666 5
e 1667 1664 7
e 1666 250 3
e 1666 1665 10
e 1670 1669 2
e 1670 1664 5
e 1669 1668 9
e 1669 622 7
e 1673 1672 6
e 1673 1664 3
e 1672 1671 9
e 1672 290 2
e 1676 1675 7
e 1676 1664 9
e 1675 254 6
e 1675 1674 1
e 1679 1678 6
e 1679 1664 5
e 1678 1677 3
e 1678 893 4
e 1682 1681 6
e 1682 1680 8
e 1681 427 4
e 1681 480 4
e 1685 1684 3
e 1685 1680 3
e 1684 1683 2
e 1684 484 5
e 1689 1688 2
e 1689 1686 9
e 1688 1120 9
e 1688 1687 9
e 1692 1691 1
e 1692 1686 6
e 1691 1690 10
e 1691 1091 3
e 1697 1696 10
e 1697 1693 7
e 1696 1694 3
e 1696 1695 3
e 1699 1698 3
e 1699 1693 10
e 1698 109 3
e 1698 1445 8
e 1702 1701 1
e 1702 1693 7
e 1701 1700 6
e 1701 868 4
e 1705 1704 8
e 1705 1693 10
e 1704 1703 5
e 1704 1358 8
e 1708 1707 4
e 1708 1693 9
e 1707 1706 4
e 1707 1504 5
e 1712 1711 8
e 1712 1709 4
e 1711 1710 6
e 1711 1147 10
e 1716 1715 8
e 1716 1713 8
e 1715 1714 5
e 1715 1103 7
e 1719 1718 9
e 1719 1713 9
e 1718 1717 7
e 1718 1487 3
e 1723 1722 4
e 1723 1720 10
e 1722 1721 3
e 1722 60 5
e 1726 1725 1
e 1726 1720 8
e 1725 69 6
e 1725 1724 9
e 1729 1728 2
e 1729 1720 9
e 1728 73 2
e 1728 1727 5
e 1732 1731 2
e 1732 1730 3
e 1731 921 5
e 1731 346 8
e 1736 1735 9
e 1736 1730 3
e 1735 1733 7
e 1735 1734 2
e 1741 1740 4
e 1741 1737 8
e 1740 1738 6
e 1740 1739 1
e 1746 1745 7
e 1746 1742 1
e 1745 1743 7
e 1745 1744 9
e 1749 1748 6
e 1749 1742 4
e 1748 1747 7
e 1748 1433 2
e 1753 1752 6
e 1753 1742 4
e 1752 1750 1
e 1752 1751 6
e 1757 1756 2
e 1757 1754 6
e 1756 11 3
e 1756 1755 3
e 1761 1760 1
e 1761 1754 5
e 1760 1758 8
e 1760 1759 3
e 1764 1763 8
e 1764 1754 8
e 1763 404 10
e 1763 1762 1
e 1767 1766 2
e 1767 1765 1
e 1766 477 5
e 1766 1581 4
e 1771 1770 3
e 1771 1768 9
e 1770 1148 10
e 1770 1769 9
e 1775 1774 7
e 1775 1772 2
e 1774 1773 5
e 1774 1634 4
e 1778 1777 5
e 1778 1772 2
e 1777 1776 1
e 1777 275 4
e 1781 1780 7
e 1781 1772 10
e 1780 1779 8
e 1780 983 2
e 1785 1784 2
e 1785 1782 8
e 1784 1783 10
e 1784 1125 9
e 1790 1789 1
e 1790 1786 9
e 1789 1787 10
e 1789 1788 4
e 1794 1793 3
e 1794 1786 5
e 1793 1791 7
e 1793 1792 1
e 1798 1797 10
e 1798 1795 6
e 1797 1001 4
e 1797 1796 10
e 1803 1802 7
e 1803 1799 3
e 1802 1800 2
e 1802 1801 9
e 1808 1807 6
e 1808 1804 2
e 1807 1805 9
e 1807 1806 9
e 1812 1811 9
e 1812 1804 9
e 1811 1809 9
e 1811 1810 1
e 1816 1815 7
e 1816 1813 8
e 1815 1814 1
e 1815 555 7
e 1820 1819 6
e 1820 1813 5
e 1819 1817 1
e 1819 1818 6
e 1824 1823 2
e 1824 1813 6
e 1823 1821 4
e 1823 1822 2
e 1828 1827 10
e 1828 1825 6
e 1827 1826 3
e 1827 1402 1
e 1830 1829 6
e 1830 1825 9
e 1829 1488 6
e 1829 1106 3
e 1835 1834 8
e 1835 1831 8
e 1834 1832 3
e 1834 1833 3
e 1840 1839 2
e 1840 1836 8
e 1839 1837 1
e 1839 1838 5
e 1844 1843 4
e 1844 1841 1
e 1843 619 4
e 1843 1842 1
e 1847 1846 6
e 1847 1841 5
e 1846 46 9
e 1846 1845 7
e 1851 1850 9
e 1851 1848 8
e 1850 1849 5
e 1850 467 1
e 1855 1854 4
e 1855 1848 5
e 1854 1852 6
e 1854 1853 1
e 1859 1858 6
e 1859 1856 5
e 1858 1211 2
e 1858 1857 6
e 1861 1860 7
e 1861 1856 7
e 1860 1796 8
e 1860 801 7
e 1866 1865 6
e 1866 1862 3
e 1865 1863 8
e 1865 1864 8
e 1870 1869 6
e 1870 1862 9
e 1869 1867 5
e 1869 1868 2
e 1874 1873 7
e 1874 1862 2
e 1873 1871 7
e 1873 1872 10
e 1877 1876 3
e 1877 1862 9
e 1876 299 5
e 1876 1875 6
e 1881 1880 2
e 1881 1878 2
e 1880 209 6
e 1880 1879 5
e 1884 1883 5
e 1884 1878 8
e 1883 213 10
e 1883 1882 7
e 1889 1888 3
e 1889 1885 8
e 1888 1886 6
e 1888 1887 8
e 1893 1892 1
e 1893 1890 6
e 1892 1891 10
e 1892 436 7
e 1897 1896 5
e 1897 1894 1
e 1896 1801 2
e 1896 1895 7
e 1901 1900 6
e 1901 1898 9
e 1900 1899 3
e 1900 602 1
e 1905 1904 3
e 1905 1898 10
e 1904 1902 8
e 1904 1903 1
e 1908 1907 3
e 1908 1898 2
e 1907 1906 4
e 1907 610 6
e 1911 1910 6
e 1911 1909 7
e 1910 1027 10
e 1910 1353 1
e 1915 1914 10
e 1915 1912 3
e 1914 1045 8
e 1914 1913 6
e 1919 1918 6
e 1919 1916 8
e 1918 1917 2
e 1918 1529 10
e 1924 1923 3
e 1924 1920 9
e 1923 1921 6
e 1923 1922 7
e 1928 1927 6
e 1928 1925 5
e 1927 811 4
e 1927 1926 2
e 1933 1932 1
e 1933 1929 3
e 1932 1930 8
e 1932 1931 9
e 1937 1936 7
e 1937 1934 9
e 1936 1206 2
e 1936 1935 5
e 1940 1939 5
e 1940 1934 8
e 1939 1938 4
e 1939 1184 10
e 1945 1944 5
e 1945 1941 8
e 1944 1942 4
e 1944 1943 2
e 1949 1948 3
e 1949 1941 2
e 1948 1946 8
e 1948 1947 3
e 1952 1951 8
e 1952 1950 2
e 1951 1935 6
e 1951 1565 6
e 1955 1954 2
e 1955 1950 9
e 1954 1953 9
e 1954 417 5
e 1958 1957 5
e 1958 1950 3
e 1957 1956 3
e 1957 421 6
e 1962 1961 9
e 1962 1959 4
e 1961 1960 2
e 1961 841 4
e 1965 1964 3
e 1965 1959 4
e 1964 1947 8
e 1964 1963 1
e 1968 1967 6
e 1968 1959 9
e 1967 1966 10
e 1967 6 6
e 1971 1970 8
e 1971 1959 9
e 1970 1969 3
e 1970 354 10
e 1975 1974 2
e 1975 1959 2
e 1974 1972 5
e 1974 1973 7
e 1978 1977 8
e 1978 1959 9
e 1977 1976 7
e 1977 1287 7
e 1982 1981 10
e 1982 1959 2
e 1981 1979 3
e 1981 1980 6
e 1986 1985 2
e 1986 1983 8
e 1985 1555 8
e 1985 1984 9
e 1991 1990 6
e 1991 1987 3
e 1990 1988 9
e 1990 1989 10
e 1994 1993 3
e 1994 1987 3
e 1993 1442 7
e 1993 1992 9
e 1997 1996 1
e 1997 1987 2
e 1996 1268 9
e 1996 1995 3
e 2001 2000 5
e 2001 1987 3
e 2000 1998 3
e 2000 1999 6
e 2005 2004 4
e 2005 1987 6
e 2004 2002 9
e 2004 2003 5
e 2009 2008 2
e 2009 1987 5
e 2008 2006 4
e 2008 2007 9
e 2013 2012 5
e 2013 1987 3
e 2012 2010 5
e 2012 2011 10
e 2017 2016 9
e 2017 2014 2
e 2016 1313 9
e 2016 2015 3
e 2021 2020 10
e 2021 2014 10
e 2020 2018 3
e 2020 2019 3
e 2025 2024 10
e 2025 2014 10
e 2024 2022 6
e 2024 2023 10
e 2029 2028 1
e 2029 2014 1
e 2028 2026 2
e 2028 2027 1
e 2033 2032 10
e 2033 2014 5
e 2032 2030 4
e 2032 2031 10
e 2037 2036 7
e 2037 11 10
e 2036 2034 1
e 2036 2035 8
e 2040 2039 9
e 2040 11 5
e 2039 2038 5
e 2039 1992 8
e 2044 2043 4
e 2044 11 7
e 2043 2041 5
e 2043 2042 8
e 2047 2046 2
e 2047 11 1
e 2046 1128 3
e 2046 2045 8
e 2051 2050 7
e 2051 11 8
e 2050 2048 8
e 2050 2049 4
e 2054 2053 6
e 2054 11 10
e 2053 28 3
e 2053 2052 6
e 2058 2057 6
e 2058 2055 6
e 2057 1833 7
e 2057 2056 3
e 2061 2060 6
e 2061 2055 9
e 2060 2059 9
e 2060 1441 2
e 2064 2063 6
e 2064 2055 4
e 2063 2062 8
e 2063 108 2
e 2068 2067 5
e 2068 2055 8
e 2067 2065 4
e 2067 2066 3
e 2071 2070 2
e 2071 2055 1
e 2070 630 5
e 2070 2069 7
e 2075 2074 10
e 2075 2055 7
e 2074 2072 4
e 2074 2073 3
e 2078 2077 6
e 2078 2055 10
e 2077 538 6
e 2077 2076 4
e 2083 2082 3
e 2083 2079 8
e 2082 2080 9
e 2082 2081 8
e 2087 2086 8
e 2087 2084 5
e 2086 2085 8
e 2086 55 1
e 2092 2091 2
e 2092 2088 7
e 2091 2089 9
e 2091 2090 8
e 2094 2093 4
e 2094 2088 4
e 2093 1053 10
e 2093 1451 6
e 2097 2096 1
e 2097 2088 1
e 2096 1903 5
e 2096 2095 8
e 2100 2099 10
e 2100 2088 8
e 2099 2098 5
e 2099 1906 9
e 2104 2103 1
e 2104 2101 2
e 2103 2102 7
e 2103 212 3
e 2108 2107 5
e 2108 2105 6
e 2107 2106 7
e 2107 2 6
e 2111 2110 1
e 2111 2105 7
e 2110 1041 1
e 2110 2109 10
e 2115 2114 9
e 2115 2112 4
e 2114 1469 6
e 2114 2113 9
e 2118 2117 5
e 2118 2116 2
e 2117 1943 7
e 2117 2106 9
e 2121 2120 8
e 2121 2116 9
e 2120 2119 5
e 2120 1036 10
e 2126 2125 10
e 2126 2122 2
e 2125 2123 3
e 2125 2124 2
e 2130 2129 7
e 2130 2127 6
e 2129 789 6
e 2129 2128 9
e 2133 2132 6
e 2133 2127 3
e 2132 2131 4
e 2132 1930 10
e 2137 2136 9
e 2137 2134 7
e 2136 2135 9
e 2136 588 1
e 2140 2139 1
e 2140 2138 1
e 2139 1317 3
e 2139 2030 6
e 2145 2144 8
e 2145 2141 9
e 2144 2142 8
e 2144 2143 3
e 2149 2148 10
e 2149 2141 9
e 2148 2146 3
e 2148 2147 6
e 2153 2152 10
e 2153 2141 6
e 2152 2150 3
e 2152 2151 7
e 2157 2156 10
e 2157 2154 5
e 2156 2155 10
e 2156 204 6
e 2160 2159 9
e 2160 2154 9
e 2159 2158 9
e 2159 2018 8
e 2163 2162 10
e 2163 2154 5
e 2162 2161 8
e 2162 2022 1
e 2166 2165 6
e 2166 2164 6
e 2165 607 2
e 2165 1073 7
e 2169 2168 10
e 2169 2164 5
e 2168 614 1
e 2168 2167 10
e 2173 2172 8
e 2173 2170 5
e 2172 2171 10
e 2172 955 10
e 2176 2175 4
e 2176 2170 1
e 2175 2174 10
e 2175 854 8
e 2179 2178 3
e 2179 2170 9
e 2178 2177 10
e 2178 1569 7
e 2182 2181 3
e 2182 2170 4
e 2181 2180 1
e 2181 966 10
e 2184 2183 2
e 2184 2170 4
e 2183 1806 1
e 2183 126 8
e 2186 2185 6
e 2186 2170 7
e 2185 1810 3
e 2185 130 7
e 2190 2189 4
e 2190 2187 7
e 2189 513 9
e 2189 2188 10
e 2192 2191 8
e 2192 2187 1
e 2191 1887 3
e 2191 1837 9
e 2195 2194 4
e 2195 2187 9
e 2194 517 6
e 2194 2193 8
e 2199 2198 9
e 2199 2187 7
e 2198 2196 6
e 2198 2197 3
e 2203 2202 8
e 2203 2187 9
e 2202 2200 6
e 2202 2201 9
e 2207 2206 6
e 2207 2204 5
e 2206 2205 10
e 2206 1863 8
e 2211 2210 4
e 2211 2204 4
e 2210 2208 5
e 2210 2209 9
e 2214 2213 5
e 2214 2204 4
e 2213 2212 5
e 2213 906 5
e 2218 2217 4
e 2218 2215 8
e 2217 2216 6
e 2217 1695 8
e 2220 2219 6
e 2220 2215 9
e 2219 880 5
e 2219 2002 5
e 2225 2224 2
e 2225 2221 10
e 2224 2222 9
e 2224 2223 7
e 2227 2226 7
e 2227 2221 6
e 2226 2151 3
e 2226 171 5
e 2231 2230 1
e 2231 2228 5
e 2230 2229 2
e 2230 2059 6
e 2234 2233 8
e 2234 2228 5
e 2233 930 8
e 2233 2232 4
e 2237 2236 4
e 2237 2228 9
e 2236 2095 5
e 2236 2235 9
e 2241 2240 5
e 2241 2228 3
e 2240 2238 2
e 2240 2239 10
e 2246 2245 10
e 2246 2242 4
e 2245 2243 4
e 2245 2244 1
e 2250 2249 9
e 2250 2242 4
e 2249 2247 4
e 2249 2248 1
e 2254 2253 2
e 2254 2242 7
e 2253 2251 6
e 2253 2252 8
e 2259 2258 2
e 2259 2255 3
e 2258 2256 1
e 2258 2257 9
e 2263 2262 3
e 2263 2255 7
e 2262 2260 8
e 2262 2261 8
e 2265 2264 4
e 2265 2255 5
e 2264 83 6
e 2264 1700 5
e 2268 2267 1
e 2268 2255 2
e 2267 2266 10
e 2267 1366 4
e 2272 2271 9
e 2272 2269 1
e 2271 2270 3
e 2271 780 7
e 2276 2275 3
e 2276 2269 1
e 2275 2273 7
e 2275 2274 8
e 2280 2279 3
e 2280 2269 5
e 2279 2277 1
e 2279 2278 1
e 2283 2282 5
e 2283 2269 10
e 2282 546 10
e 2282 2281 2
e 2288 2287 6
e 2288 2284 5
e 2287 2285 8
e 2287 2286 9
e 2292 2291 9
e 2292 2289 8
e 2291 846 3
e 2291 2290 9
e 2294 2293 8
e 2294 2289 5
e 2293 850 4
e 2293 1026 2
e 2298 2297 6
e 2298 2295 3
e 2297 1739 8
e 2297 2296 5
e 2301 2300 3
e 2301 2299 1
e 2300 593 6
e 2300 1362 5
e 2305 2304 10
e 2305 2302 4
e 2304 2303 3
e 2304 1496 10
e 2309 2308 7
e 2309 2306 7
e 2308 2307 9
e 2308 1849 6
e 2313 2312 2
e 2313 2310 7
e 2312 2244 2
e 2312 2311 3
e 2317 2316 3
e 2317 2310 8
e 2316 2314 6
e 2316 2315 4
e 2320 2319 1
e 2320 2310 5
e 2319 2318 7
e 2319 1094 4
e 2323 2322 8
e 2323 2321 5
e 2322 1111 6
e 2322 663 5
e 2326 2325 10
e 2326 2321 10
e 2325 1596 1
e 2325 2324 5
e 2330 2329 6
e 2330 2321 4
e 2329 2327 1
e 2329 2328 2
e 2334 2333 8
e 2334 2331 5
e 2333 2332 3
e 2333 550 7
e 2339 2338 9
e 2339 2335 5
e 2338 2336 2
e 2338 2337 5
e 2344 2343 6
e 2344 2340 10
e 2343 2341 4
e 2343 2342 4
e 2348 2347 3
e 2348 2345 8
e 2347 2346 3
e 2347 1661 8
e 2352 2351 10
e 2352 2349 6
e 2351 598 7
e 2351 2350 9
e 2354 2353 8
e 2354 2349 9
e 2353 1476 4
e 2353 1316 4
e 2357 2356 10
e 2357 2355 2
e 2356 752 9
e 2356 36 8
e 2360 2359 9
e 2360 2358 6
e 2359 728 2
e 2359 190 10
e 2363 2362 2
e 2363 2358 1
e 2362 195 9
e 2362 2361 9
e 2368 2367 4
e 2368 2364 10
e 2367 2365 9
e 2367 2366 3
e 2372 2371 3
e 2372 2369 6
e 2371 2370 9
e 2371 1714 8
e 2376 2375 2
e 2376 2373 4
e 2375 1864 10
e 2375 2374 8
e 2379 2378 2
e 2379 2373 9
e 2378 2209 8
e 2378 2377 1
e 2382 2381 8
e 2382 2373 3
e 2381 907 9
e 2381 2380 7
e 2386 2385 8
e 2386 2383 10
e 2385 2384 1
e 2385 828 9
e 2389 2388 8
e 2389 2383 5
e 2388 2387 1
e 2388 832 7
e 2394 2393 5
e 2394 2390 1
e 2393 2391 4
e 2393 2392 10
e 2398 2397 2
e 2398 2390 1
e 2397 2395 7
e 2397 2396 6
e 2402 2401 2
e 2402 2399 9
e 2401 2400 1
e 2401 1329 2
e 2406 2405 8
e 2406 2399 1
e 2405 2403 5
e 2405 2404 7
e 2410 2409 3
e 2410 2399 3
e 2409 2407 7
e 2409 2408 6
e 2413 2412 7
e 2413 2411 8
e 2412 1201 7
e 2412 1040 7
e 2417 2416 2
e 2417 2414 9
e 2416 2415 3
e 2416 920 6
e 2421 2420 2
e 2421 2418 3
e 2420 1521 9
e 2420 2419 7
e 2425 2424 9
e 2425 2422 3
e 2424 2423 4
e 2424 270 1
e 2428 2427 1
e 2428 2426 5
e 2427 92 8
e 2427 641 9
e 2431 2430 7
e 2431 2426 9
e 2430 2396 7
e 2430 2429 4
e 2434 2433 4
e 2434 2426 8
e 2433 2432 6
e 2433 315 3
e 2436 2435 5
e 2436 2034 4
e 2435 2216 2
e 2435 2052 1
e 2440 2439 7
e 2440 2034 10
e 2439 2437 1
e 2439 2438 4
e 2444 2443 4
e 2444 2441 2
e 2443 2442 2
e 2443 859 10
e 2448 2447 1
e 2448 2445 8
e 2447 2446 10
e 2447 740 1
e 2452 2451 4
e 2452 2445 1
e 2451 2449 7
e 2451 2450 8
e 2455 2454 4
e 2455 2453 9
e 2454 2188 4
e 2454 234 1
e 2457 2456 3
e 2457 2453 9
e 2456 177 5
e 2456 2200 4
e 2462 2461 10
e 2462 2458 6
e 2461 2459 10
e 2461 2460 10
e 2465 2464 6
e 2465 2463 4
e 2464 2045 5
e 2464 2437 3
e 2468 2467 9
e 2468 2466 4
e 2467 2350 7
e 2467 788 5
e 2472 2471 5
e 2472 2469 1
e 2471 959 9
e 2471 2470 10
e 2476 2475 3
e 2476 2469 7
e 2475 2473 9
e 2475 2474 8
e 2479 2478 1
e 2479 2469 6
e 2478 2477 7
e 2478 658 9
e 2483 2482 6
e 2483 2469 7
e 2482 2480 7
e 2482 2481 3
e 2487 2486 5
e 2487 2484 7
e 2486 2485 3
e 2486 2432 9
e 2492 2491 8
e 2492 2488 4
e 2491 2489 4
e 2491 2490 5
e 2495 2494 3
e 2495 2493 8
e 2494 1157 1
e 2494 140 9
e 2498 2497 7
e 2498 2493 7
e 2497 2496 9
e 2497 144 9
e 2501 2500 3
e 2501 2493 7
e 2500 2499 4
e 2500 148 5
e 2504 2503 4
e 2504 2502 6
e 2503 1256 2
e 2503 320 8
e 2508 2507 6
e 2508 2505 2
e 2507 2506 9
e 2507 1013 4
e 2511 2510 1
e 2511 2505 5
e 2510 2509 7
e 2510 2260 10
e 2515 2514 10
e 2515 2512 1
e 2514 2143 2
e 2514 2513 4
e 2518 2517 10
e 2518 2512 9
e 2517 2147 4
e 2517 2516 8
e 2521 2520 4
e 2521 2512 6
e 2520 172 5
e 2520 2519 1
e 2526 2525 4
e 2526 2522 4
e 2525 2523 2
e 2525 2524 8
e 2529 2528 4
e 2529 2522 10
e 2528 2527 4
e 2528 181 7
e 2531 2530 4
e 2531 2522 9
e 2530 2201 6
e 2530 185 5
e 2536 2535 7
e 2536 2532 8
e 2535 2533 9
e 2535 2534 6
e 2539 2538 5
e 2539 2537 5
e 2538 2366 6
e 2538 412 9
e 2544 2543 8
e 2544 2540 8
e 2543 2541 2
e 2543 2542 8
e 2548 2547 6
e 2548 2540 4
e 2547 2545 6
e 2547 2546 6
e 2551 2550 7
e 2551 2540 1
e 2550 2549 10
e 2550 2449 4
e 2556 2555 3
e 2556 2552 1
e 2555 2553 5
e 2555 2554 9
e 2561 2560 10
e 2561 2557 10
e 2560 2558 7
e 2560 2559 5
e 2564 2563 3
e 2564 2557 4
e 2563 1370 6
e 2563 2562 4
e 2568 2567 7
e 2568 2565 10
e 2567 2566 4
e 2567 1156 8
e 2572 2571 9
e 2572 2565 6
e 2571 2569 5
e 2571 2570 8
e 2576 2575 8
e 2576 2565 8
e 2575 2573 3
e 2575 2574 6
e 2579 2578 3
e 2579 2577 3
e 2578 1762 9
e 2578 684 8
e 2583 2582 3
e 2583 2580 9
e 2582 679 1
e 2582 2581 9
e 2587 2586 1
e 2587 2584 2
e 2586 1264 1
e 2586 2585 1
e 2591 2590 7
e 2591 2588 3
e 2590 1512 4
e 2590 2589 2
e 2595 2594 3
e 2595 2592 1
e 2594 1611 4
e 2594 2593 9
e 2599 2598 8
e 2599 2592 6
e 2598 2596 1
e 2598 2597 10
e 2602 2601 10
e 2602 2592 8
e 2601 2600 8
e 2601 1852 1
e 2606 2605 1
e 2606 2603 9
e 2605 2604 9
e 2605 756 7
e 2610 2609 1
e 2610 2603 1
e 2609 2607 9
e 2609 2608 5
e 2612 2611 9
e 2612 2603 5
e 2611 1379 1
e 2611 1136 9
e 2615 2614 7
e 2615 2603 3
e 2614 2613 2
e 2614 2080 2
e 2619 2618 9
e 2619 2616 3
e 2618 2617 4
e 2618 1972 4
e 2623 2622 10
e 2623 2616 9
e 2622 2620 5
e 2622 2621 6
e 2627 2626 5
e 2627 2624 7
e 2626 1403 2
e 2626 2625 6
e 2629 2628 7
e 2629 2624 8
e 2628 2574 10
e 2628 1160 4
e 2632 2631 4
e 2632 2624 5
e 2631 1165 2
e 2631 2630 1
e 2634 2633 2
e 2634 2624 7
e 2633 1173 7
e 2633 2131 7
e 2638 2637 9
e 2638 2635 8
e 2637 2636 1
e 2637 2370 1
e 2642 2641 3
e 2642 2639 2
e 2641 2640 8
e 2641 1969 7
e 2645 2644 6
e 2645 2639 10
e 2644 2643 2
e 2644 1976 9
e 2648 2647 1
e 2648 2639 4
e 2647 2646 4
e 2647 1979 10
e 2653 2652 8
e 2653 2649 5
e 2652 2650 1
e 2652 2651 2
e 2657 2656 5
e 2657 2649 9
e 2656 2654 10
e 2656 2655 1
e 2660 2659 3
e 2660 2649 6
e 2659 2658 1
e 2659 1214 4
e 2664 2663 10
e 2664 2649 3
e 2663 2661 7
e 2663 2662 2
e 2669 2668 5
e 2669 2665 3
e 2668 2666 10
e 2668 2667 4
e 2672 2671 10
e 2672 2665 7
e 2671 2597 9
e 2671 2670 6
e 2675 2674 7
e 2675 2665 3
e 2674 1508 2
e 2674 2673 9
e 2680 2679 6
e 2680 2676 1
e 2679 2677 2
e 2679 2678 7
e 2683 2682 4
e 2683 2676 2
e 2682 1238 6
e 2682 2681 10
e 2687 2686 10
e 2687 2676 10
e 2686 2684 7
e 2686 2685 6
e 2690 2689 1
e 2690 2676 5
e 2689 1242 8
e 2689 2688 8
e 2694 2693 4
e 2694 2691 6
e 2693 2655 9
e 2693 2692 7
e 2698 2697 7
e 2698 2691 3
e 2697 2695 10
e 2697 2696 7
e 2702 2701 2
e 2702 2699 10
e 2701 2700 5
e 2701 1189 4
e 2706 2705 2
e 2706 2699 2
e 2705 2703 5
e 2705 2704 3
e 2709 2708 7
e 2709 2699 3
e 2708 2707 7
e 2708 1196 6
e 2712 2711 6
e 2712 2710 2
e 2711 1074 2
e 2711 533 1
e 2715 2714 5
e 2715 2710 8
e 2714 2167 6
e 2714 2713 5
e 2718 2717 2
e 2718 2716 3
e 2717 1337 2
e 2717 2600 3
e 2722 2721 7
e 2722 2719 8
e 2721 2128 9
e 2721 2720 9
e 2726 2725 9
e 2726 2723 7
e 2725 2724 2
e 2725 2473 1
e 2730 2729 2
e 2730 2723 6
e 2729 2727 9
e 2729 2728 2
e 2734 2733 10
e 2734 2731 10
e 2733 2732 6
e 2733 1867 7
e 2736 2735 1
e 2736 2731 5
e 2735 1788 7
e 2735 2208 7
e 2739 2738 2
e 2739 2731 9
e 2738 2737 4
e 2738 298 10
e 2741 2740 9
e 2741 2731 3
e 2740 1792 7
e 2740 2212 3
e 2745 2744 3
e 2745 2742 5
e 2744 2027 5
e 2744 2743 5
e 2749 2748 8
e 2749 2746 3
e 2748 2747 2
e 2748 2506 3
e 2751 2750 7
e 2751 2746 5
e 2750 623 7
e 2750 2229 5
e 2754 2753 8
e 2754 2746 2
e 2753 2752 6
e 2753 2509 5
e 2759 2758 4
e 2759 2755 8
e 2758 2756 10
e 2758 2757 10
e 2762 2761 4
e 2762 2755 8
e 2761 2760 2
e 2761 2459 3
e 2766 2765 5
e 2766 2755 1
e 2765 2763 7
e 2765 2764 6
e 2769 2768 10
e 2769 2755 7
e 2768 2011 6
e 2768 2767 8
e 2773 2772 6
e 2773 2770 7
e 2772 2771 10
e 2772 1966 3
e 2777 2776 5
e 2777 2770 6
e 2776 2774 10
e 2776 2775 4
e 2782 2781 8
e 2782 2778 6
e 2781 2779 3
e 2781 2780 7
e 2787 2786 6
e 2787 2783 5
e 2786 2784 8
e 2786 2785 10
e 2791 2790 4
e 2791 2788 6
e 2790 1724 7
e 2790 2789 5
e 2794 2793 7
e 2794 2792 6
e 2793 2015 2
e 2793 1554 10
e 2796 2795 4
e 2796 2792 10
e 2795 2023 9
e 2795 2177 3
e 2800 2799 9
e 2800 2797 1
e 2799 334 8
e 2799 2798 4
e 2803 2802 8
e 2803 2797 5
e 2802 41 2
e 2802 2801 7
e 2806 2805 8
e 2806 2804 3
e 2805 898 5
e 2805 1305 4
e 2809 2808 5
e 2809 2807 3
e 2808 2419 7
e 2808 2654 7
e 2811 2810 2
e 2811 2807 8
e 2810 2315 10
e 2810 2695 8
e 2814 2813 10
e 2814 2807 7
e 2813 2812 9
e 2813 2661 9
e 2818 2817 7
e 2818 2815 9
e 2817 2816 1
e 2817 2684 6
e 2822 2821 9
e 2822 2819 10
e 2821 308 2
e 2821 2820 2
e 2827 2826 4
e 2827 2823 6
e 2826 2824 3
e 2826 2825 10
e 2831 2830 1
e 2831 2828 10
e 2830 2829 7
e 2830 307 6
e 2834 2833 7
e 2834 2832 2
e 2833 1599 1
e 2833 2327 2
e 2838 2837 5
e 2838 2835 4
e 2837 2836 9
e 2837 2142 9
e 2841 2840 9
e 2841 2835 10
e 2840 2839 10
e 2840 2146 4
e 2844 2843 8
e 2844 2835 6
e 2843 2842 7
e 2843 2150 8
e 2848 2847 10
e 2848 2845 9
e 2847 2846 3
e 2847 91 6
e 2851 2850 1
e 2851 2845 8
e 2850 2849 2
e 2850 1946 5
e 2853 2852 7
e 2853 2845 2
e 2852 2608 2
e 2852 64 3
e 2855 2854 6
e 2855 2845 5
e 2854 707 6
e 2854 95 8
e 2857 2856 4
e 2857 2845 9
e 2856 711 8
e 2856 99 6
e 2861 2860 8
e 2861 2858 2
e 2860 1354 8
e 2860 2859 8
e 2864 2863 6
e 2864 2862 2
e 2863 912 5
e 2863 751 1
e 2866 2865 2
e 2866 2862 1
e 2865 916 6
e 2865 40 2
e 2869 2868 3
e 2869 2867 4
e 2868 1430 9
e 2868 1573 3
e 2873 2872 9
e 2873 2867 3
e 2872 2870 6
e 2872 2871 9
e 2875 2874 7
e 2875 2867 8
e 2874 1032 4
e 2874 1953 7
e 2878 2877 3
e 2878 2867 3
e 2877 2342 7
e 2877 2876 7
e 2881 2880 1
e 2881 2879 10
e 2880 2257 4
e 2880 701 8
e 2884 2883 10
e 2884 2879 7
e 2883 2261 7
e 2883 2882 1
e 2886 2885 4
e 2886 2879 4
e 2885 2069 5
e 2885 879 2
e 2889 2888 10
e 2889 2879 2
e 2888 2887 9
e 2888 1507 3
e 2893 2892 6
e 2893 2890 6
e 2892 1744 4
e 2892 2891 8
e 2898 2897 2
e 2898 2894 5
e 2897 2895 8
e 2897 2896 9
e 2900 2899 6
e 2900 683 10
e 2899 2311 7
e 2899 1168 10
e 2903 2902 7
e 2903 683 10
e 2902 560 2
e 2902 2901 6
e 2908 2907 6
e 2908 2904 8
e 2907 2905 10
e 2907 2906 3
e 2912 2911 5
e 2912 2909 10
e 2911 2910 10
e 2911 573 2
e 2915 2914 3
e 2915 2909 6
e 2914 2913 2
e 2914 2247 4
e 2919 2918 5
e 2919 2909 2
e 2918 2916 3
e 2918 2917 6
e 2922 2921 3
e 2922 2920 9
e 2921 2917 7
e 2921 2251 7
e 2925 2924 10
e 2925 2920 3
e 2924 2109 10
e 2924 2923 7
e 2930 2929 7
e 2930 2926 3
e 2929 2927 8
e 2929 2928 9
e 2934 2933 3
e 2934 2926 9
e 2933 2931 3
e 2933 2932 8
e 2938 2937 5
e 2938 2935 3
e 2937 579 3
e 2937 2936 6
e 2941 2940 8
e 2941 2939 10
e 2940 1325 1
e 2940 253 6
e 2944 2943 1
e 2944 2942 8
e 2943 2775 3
e 2943 2829 4
e 2948 2947 7
e 2948 2945 9
e 2947 2678 9
e 2947 2946 8
e 2952 2951 7
e 2952 2945 8
e 2951 2949 7
e 2951 2950 8
e 2956 2955 8
e 2956 2945 3
e 2955 2953 2
e 2955 2954 10
e 2960 2959 1
e 2960 2957 4
e 2959 154 5
e 2959 2958 1
e 2964 2963 5
e 2964 2961 4
e 2963 1480 9
e 2963 2962 5
e 2968 2967 3
e 2968 2965 8
e 2967 2559 10
e 2967 2966 8
e 2971 2970 9
e 2971 2969 9
e 2970 2408 2
e 2970 121 10
e 2974 2973 2
e 2974 2969 5
e 2973 2972 9
e 2973 1783 6
e 2978 2977 9
e 2978 2975 1
e 2977 2976 8
e 2977 2026 9
e 2983 2982 4
e 2983 2979 7
e 2982 2980 2
e 2982 2981 4
e 2986 2985 5
e 2986 2984 1
e 2985 1460 8
e 2985 995 5
e 2991 2990 6
e 2991 2987 2
e 2990 2988 8
e 2990 2989 2
e 2995 2994 4
e 2995 2987 4
e 2994 2992 10
e 2994 2993 6
e 2999 2998 10
e 2999 2987 7
e 2998 2996 3
e 2998 2997 10
e 3003 3002 3
e 3003 3000 4
e 3002 741 4
e 3002 3001 1
e 3007 3006 10
e 3007 3004 6
e 3006 2946 9
e 3006 3005 5
e 3009 3008 10
e 3009 3004 9
e 3008 2950 3
e 3008 1225 6
e 3012 3011 5
e 3012 3010 5
e 3011 78 10
e 3011 1585 5
e 3014 3013 9
e 3014 3010 2
e 3013 584 3
e 3013 1589 7
e 3017 3016 1
e 3017 3015 5
e 3016 1190 3
e 3016 2910 3
e 3020 3019 4
e 3020 3015 3
e 3019 3018 6
e 3019 2913 4
e 3022 3021 7
e 3022 3015 8
e 3021 1197 3
e 3021 2916 10
e 3025 3024 5
e 3025 3023 7
e 3024 664 7
e 3024 512 8
e 3028 3027 2
e 3028 3023 2
e 3027 2470 7
e 3027 3026 9
e 3032 3031 5
e 3032 3023 6
e 3031 3029 8
e 3031 3030 8
e 3034 3033 6
e 3034 3023 10
e 3033 2324 1
e 3033 667 2
e 3037 3036 8
e 3037 3023 6
e 3036 3035 2
e 3036 670 9
e 3040 3039 7
e 3040 3023 4
e 3039 3038 7
e 3039 2480 4
e 3043 3042 8
e 3043 3041 5
e 3042 325 6
e 3042 1456 5
e 3045 3044 6
e 3045 3041 9
e 3044 2798 10
e 3044 978 3
e 3048 3047 10
e 3048 3041 8
e 3047 3046 6
e 3047 388 1
e 3052 3051 1
e 3052 3049 2
e 3051 3050 8
e 3051 380 1
e 3054 3053 2
e 3054 3049 3
e 3053 1226 8
e 3053 1747 8
e 3056 3055 1
e 3056 3049 7
e 3055 1230 4
e 3055 2341 3
e 3060 3059 5
e 3060 3057 3
e 3059 3058 5
e 3059 1078 2
e 3062 3061 6
e 3062 3057 5
e 3061 1082 2
e 3061 471 6
e 3065 3064 3
e 3065 3057 1
e 3064 1085 7
e 3064 3063 5
e 3068 3067 4
e 3068 3066 7
e 3067 2554 2
e 3067 771 2
e 3072 3071 1
e 3072 3069 4
e 3071 745 8
e 3071 3070 2
e 3075 3074 3
e 3075 3069 10
e 3074 226 4
e 3074 3073 9
e 3077 3076 8
e 3077 3069 1
e 3076 230 1
e 3076 2085 6
e 3081 3080 2
e 3081 3078 7
e 3080 3079 3
e 3080 15 8
e 3083 3082 2
e 3083 3078 4
e 3082 2764 7
e 3082 19 2
e 3087 3086 2
e 3087 3078 2
e 3086 3084 6
e 3086 3085 6
e 3091 3090 5
e 3091 3088 3
e 3090 2720 7
e 3090 3089 3
e 3094 3093 3
e 3094 3088 2
e 3093 3092 9
e 3093 2180 10
e 3099 3098 1
e 3099 3095 10
e 3098 3096 3
e 3098 3097 8
e 3102 3101 6
e 3102 3095 4
e 3101 2692 3
e 3101 3100 7
e 3105 3104 10
e 3105 3095 8
e 3104 3103 4
e 3104 578 2
e 3107 3106 2
e 3107 3095 3
e 3106 2662 2
e 3106 2737 10
e 3110 3109 7
e 3110 3108 6
e 3109 2958 7
e 3109 1464 6
e 3113 3112 3
e 3113 3111 4
e 3112 3097 5
e 3112 2205 2
e 3115 3114 4
e 3115 3111 9
e 3114 3026 10
e 3114 1668 10
e 3117 3116 10
e 3117 3111 5
e 3116 3030 1
e 3116 1671 5
e 3120 3119 4
e 3120 3111 9
e 3119 967 10
e 3119 3118 9
e 3122 3121 4
e 3122 3111 7
e 3121 2936 5
e 3121 1787 1
e 3125 3124 4
e 3125 3111 8
e 3124 3123 7
e 3124 1791 2
e 3128 3127 4
e 3128 3126 8
e 3127 61 10
e 3127 1234 2
e 3132 3131 9
e 3132 3129 1
e 3131 2007 6
e 3131 3130 6
e 3137 3136 3
e 3137 3133 7
e 3136 3134 10
e 3136 3135 7
e 3141 3140 6
e 3141 3138 9
e 3140 2438 3
e 3140 3139 8
e 3144 3143 2
e 3144 3138 1
e 3143 3142 10
e 3143 2927 2
e 3147 3146 1
e 3147 3145 5
e 3146 503 4
e 3146 2365 1
e 3150 3149 1
e 3150 3148 7
e 3149 2825 9
e 3149 1773 5
e 3153 3152 9
e 3153 3148 7
e 3152 3151 7
e 3152 1776 7
e 3155 3154 2
e 3155 3148 9
e 3154 2337 9
e 3154 1779 10
e 3159 3158 3
e 3159 3156 5
e 3158 3157 2
e 3158 1438 5
e 3162 3161 2
e 3162 3156 9
e 3161 3160 4
e 3161 872 3
e 3165 3164 9
e 3165 3156 6
e 3164 2235 7
e 3164 3163 10
e 3167 3166 2
e 3167 3156 5
e 3166 1586 7
e 3166 1177 4
e 3169 3168 1
e 3169 3156 4
e 3168 938 2
e 3168 2423 7
e 3171 3170 2
e 3171 3156 8
e 3170 1590 10
e 3170 1710 10
e 3175 3174 1
e 3175 3172 5
e 3174 508 3
e 3174 3173 2
e 3179 3178 1
e 3179 3172 3
e 3178 3176 1
e 3178 3177 3
e 3181 3180 8
e 3181 3172 6
e 3180 2685 9
e 3180 2953 9
e 3185 3184 5
e 3185 3182 3
e 3184 3183 6
e 3184 1298 3
e 3189 3188 5
e 3189 3182 2
e 3188 3186 1
e 3188 3187 6
e 3193 3192 7
e 3193 3190 5
e 3192 295 9
e 3192 3191 2
e 3196 3195 5
e 3196 3194 10
e 3195 1137 2
e 3195 199 8
e 3200 3199 8
e 3200 3194 9
e 3199 3197 6
e 3199 3198 1
e 3203 3202 8
e 3203 3194 10
e 3202 3201 3
e 3202 2816 6
e 3207 3206 3
e 3207 3204 5
e 3206 381 2
e 3206 3205 10
e 3210 3209 2
e 3210 3204 4
e 3209 2871 9
e 3209 3208 1
e 3212 3211 1
e 3212 3204 1
e 3211 1879 4
e 3211 3151 1
e 3215 3214 8
e 3215 3204 6
e 3214 2876 7
e 3214 3213 3
e 3218 3217 3
e 3218 3216 1
e 3217 3205 9
e 3217 1899 7
e 3221 3220 4
e 3221 3216 6
e 3220 659 4
e 3220 3219 7
e 3224 3223 6
e 3224 3222 5
e 3223 934 2
e 3223 2135 10
e 3226 3225 6
e 3226 3222 2
e 3225 1132 9
e 3225 592 1
e 3229 3228 3
e 3229 3227 4
e 3228 1259 9
e 3228 1172 1
e 3233 3232 7
e 3233 3230 2
e 3232 2767 8
e 3232 3231 5
e 3236 3235 5
e 3236 3234 6
e 3235 902 2
e 3235 1809 9
e 3240 3239 8
e 3240 3237 1
e 3239 3238 6
e 3239 265 4
e 3245 3244 5
e 3245 3241 10
e 3244 3242 5
e 3244 3243 10
e 3247 3246 4
e 3247 3241 8
e 3246 2049 6
e 3246 3142 10
e 3249 3248 8
e 3249 3241 4
e 3248 1895 9
e 3248 2931 4
e 3253 3252 3
e 3253 3250 1
e 3252 2667 7
e 3252 3251 1
e 3257 3256 4
e 3257 3250 9
e 3256 3254 6
e 3256 3255 1
e 3260 3259 6
e 3260 3250 1
e 3259 3258 7
e 3259 244 5
e 3264 3263 2
e 3264 3250 4
e 3263 3261 9
e 3263 3262 4
e 3267 3266 7
e 3267 3265 8
e 3266 2630 1
e 3266 2415 3
e 3270 3269 5
e 3270 3268 2
e 3269 1079 1
e 3269 2604 4
e 3273 3272 9
e 3273 3268 7
e 3272 3271 6
e 3272 2607 8
e 3275 3274 2
e 3275 3268 10
e 3274 468 2
e 3274 1378 9
e 3277 3276 3
e 3277 3268 7
e 3276 2124 2
e 3276 1516 10
e 3280 3279 10
e 3280 3268 1
e 3279 472 7
e 3279 3278 3
e 3284 3283 4
e 3284 3281 5
e 3283 3282 5
e 3283 925 6
e 3287 3286 7
e 3287 3281 6
e 3286 3285 6
e 3286 1550 8
e 3290 3289 5
e 3290 3281 4
e 3289 3288 2
e 3289 941 4
e 3294 3293 3
e 3294 3291 10
e 3293 889 2
e 3293 3292 3
e 3299 3298 2
e 3299 3295 3
e 3298 3296 8
e 3298 3297 8
e 3302 3301 6
e 3302 3300 7
e 3301 2281 2
e 3301 2972 9
e 3305 3304 6
e 3305 3303 4
e 3304 1299 8
e 3304 911 5
e 3307 3306 8
e 3307 3303 5
e 3306 3187 2
e 3306 1005 2
e 3312 3311 3
e 3312 3308 5
e 3311 3309 10
e 3311 3310 1
e 3315 3314 4
e 3315 3308 6
e 3314 3313 3
e 3314 1520 2
e 3318 3317 4
e 3318 3316 6
e 3317 1278 7
e 3317 2123 9
e 3321 3320 1
e 3321 3319 5
e 3320 2081 5
e 3320 1422 3
e 3323 3322 1
e 3323 3319 7
e 3322 2113 8
e 3322 696 9
e 3328 3327 9
e 3328 3324 4
e 3327 3325 2
e 3327 3326 8
e 3332 3331 2
e 3332 3324 3
e 3331 3329 2
e 3331 3330 1
e 3335 3334 1
e 3335 3333 4
e 3334 3100 3
e 3334 2732 4
e 3338 3337 7
e 3338 3333 6
e 3337 3336 2
e 3337 3123 10
e 3340 3339 10
e 3340 3333 5
e 3339 2728 2
e 3339 3038 1
e 3343 3342 2
e 3343 3341 4
e 3342 2651 8
e 3342 1210 3
e 3345 3344 2
e 3345 3341 6
e 3344 1926 2
e 3344 2658 1
e 3348 3347 8
e 3348 3341 1
e 3347 3346 3
e 3347 1217 10
e 3352 3351 7
e 3352 3349 7
e 3351 2542 8
e 3351 3350 1
e 3355 3354 7
e 3355 3349 7
e 3354 3353 3
e 3354 2545 6
e 3358 3357 4
e 3358 3356 3
e 3357 2625 5
e 3357 2650 5
e 3360 3359 8
e 3360 3356 3
e 3359 815 1
e 3359 3346 10
e 3365 3364 10
e 3365 3361 10
e 3364 3362 4
e 3364 3363 5
e 3367 3366 8
e 3367 3361 7
e 3366 2562 9
e 3366 706 8
e 3370 3369 1
e 3370 3368 2
e 3369 2090 5
e 3369 1832 7
e 3374 3373 3
e 3374 3371 7
e 3373 3372 4
e 3373 1988 9
e 3378 3377 4
e 3378 3375 9
e 3377 3376 1
e 3377 2155 7
e 3381 3380 6
e 3381 3375 8
e 3380 3379 9
e 3380 384 8
e 3384 3383 6
e 3384 3375 10
e 3383 3382 9
e 3383 2102 6
e 3387 3386 7
e 3387 3385 5
e 3386 2066 3
e 3386 1407 1
e 3390 3389 6
e 3390 3385 10
e 3389 3388 4
e 3389 1534 1
e 3392 3391 5
e 3392 3385 1
e 3391 3163 8
e 3391 2763 9
e 3394 3393 6
e 3394 3385 10
e 3393 3326 4
e 3393 2072 3
e 3396 3395 2
e 3396 3385 4
e 3395 2076 4
e 3395 2010 5
e 3401 3400 9
e 3401 3397 1
e 3400 3398 4
e 3400 3399 10
e 3404 3403 7
e 3404 3402 6
e 3403 1423 3
e 3403 3176 3
e 3408 3407 4
e 3408 3405 10
e 3407 447 6
e 3407 3406 6
e 3411 3410 10
e 3411 3405 1
e 3410 3409 6
e 3410 2569 10
e 3413 3412 10
e 3413 3405 3
e 3412 781 10
e 3412 1250 4
e 3415 3414 8
e 3415 3405 9
e 3414 2392 5
e 3414 1743 3
e 3417 3416 8
e 3417 3405 1
e 3416 948 2
e 3416 1805 1
e 3419 3418 4
e 3419 3405 10
e 3418 2962 4
e 3418 1750 1
e 3422 3421 9
e 3422 2216 8
e 3421 3420 1
e 3421 1359 6
e 3424 3423 10
e 3424 2216 4
e 3423 3420 3
e 3423 1621 6
e 3427 3426 3
e 3427 2216 6
e 3426 3425 1
e 3426 1069 1
e 3431 3430 3
e 3431 3428 10
e 3430 2003 3
e 3430 3429 2
e 3435 3434 9
e 3435 3432 6
e 3434 3433 2
e 3434 597 6
e 3439 3438 7
e 3439 3436 10
e 3438 1674 2
e 3438 3437 6
e 3442 3441 5
e 3442 3436 6
e 3441 331 3
e 3441 3440 3
e 3444 3443 7
e 3444 3436 8
e 3443 864 6
e 3443 1677 3
e 3447 3446 9
e 3447 3436 10
e 3446 337 6
e 3446 3445 4
e 3450 3449 10
e 3450 3448 3
e 3449 2981 7
e 3449 2384 5
e 3453 3452 5
e 3453 3448 3
e 3452 3451 3
e 3452 2387 1
e 3457 3456 10
e 3457 3454 7
e 3456 2589 10
e 3456 3455 1
e 3460 3459 3
e 3460 3458 10
e 3459 1759 6
e 3459 2041 10
e 3463 3462 4
e 3463 3458 10
e 3462 715 2
e 3462 3461 8
e 3466 3465 3
e 3466 3458 6
e 3465 2361 2
e 3465 3464 4
e 3470 3469 6
e 3470 3467 6
e 3469 113 3
e 3469 3468 2
e 3473 3472 6
e 3473 3471 8
e 3472 347 1
e 3472 1738 5
e 3477 3476 4
e 3477 3474 4
e 3476 460 2
e 3476 3475 6
e 3480 3479 5
e 3480 3478 2
e 3479 1857 1
e 3479 3096 1
e 3483 3482 7
e 3483 3478 8
e 3482 3481 7
e 3482 3103 3
e 3485 3484 7
e 3485 3478 8
e 3484 1525 7
e 3484 3336 6
e 3488 3487 9
e 3488 3486 7
e 3487 2513 2
e 3487 1826 8
e 3491 3490 10
e 3491 3486 4
e 3490 2223 3
e 3490 3489 8
e 3494 3493 2
e 3494 3486 1
e 3493 2516 5
e 3493 3492 1
e 3496 3495 6
e 3496 3486 5
e 3495 3231 2
e 3495 2646 2
e 3499 3498 6
e 3499 3486 3
e 3498 2519 7
e 3498 3497 3
e 3502 3501 2
e 3502 3500 9
e 3501 884 2
e 3501 727 6
e 3504 3503 10
e 3504 3500 10
e 3503 1769 8
e 3503 731 1
e 3506 3505 7
e 3506 3420 3
e 3505 20 10
e 3505 2035 7
e 3508 3507 3
e 3508 3420 1
e 3507 3085 2
e 3507 27 6
e 3511 3510 4
e 3511 3509 4
e 3510 350 7
e 3510 974 9
e 3513 3512 9
e 3513 3509 5
e 3512 3440 5
e 3512 1871 5
e 3515 3514 4
e 3515 3509 2
e 3514 3445 1
e 3514 1336 7
e 3518 3517 10
e 3518 3516 9
e 3517 205 8
e 3517 2824 3
e 3520 3519 1
e 3520 3516 6
e 3519 1882 1
e 3519 2336 7
e 3524 3523 2
e 3524 3521 5
e 3523 96 10
e 3523 3522 8
e 3527 3526 4
e 3527 3521 2
e 3526 100 1
e 3526 3525 4
e 3531 3530 3
e 3531 3528 5
e 3530 3529 2
e 3530 618 8
e 3533 3532 2
e 3533 3528 5
e 3532 2546 7
e 3532 633 8
e 3535 3534 8
e 3535 3528 5
e 3534 2450 2
e 3534 637 9
e 3539 3538 7
e 3539 3536 3
e 3538 3537 6
e 3538 1620 7
e 3542 3541 6
e 3542 3540 3
e 3541 2534 8
e 3541 1706 1
e 3547 3546 5
e 3547 3543 8
e 3546 3544 8
e 3546 3545 5
e 3549 3548 4
e 3549 3543 5
e 3548 2481 10
e 3548 2238 1
e 3552 3551 3
e 3552 3550 2
e 3551 556 2
e 3551 2566 6
e 3555 3554 9
e 3555 3553 7
e 3554 1616 10
e 3554 678 4
e 3559 3558 9
e 3559 3556 1
e 3558 3557 7
e 3558 1646 9
e 3562 3561 7
e 3562 3556 9
e 3561 3560 8
e 3561 2403 10
e 3565 3564 4
e 3565 3563 8
e 3564 276 5
e 3564 1393 2
e 3567 3566 7
e 3567 3563 1
e 3566 1657 9
e 3566 1397 10
e 3571 3570 9
e 3571 3568 10
e 3570 3569 10
e 3570 3157 3
e 3574 3573 2
e 3574 3572 8
e 3573 1347 3
e 3573 494 3
e 3576 3575 4
e 3576 3572 4
e 3575 1350 3
e 3575 1415 1
e 3578 3577 7
e 3578 3572 2
e 3577 2859 7
e 3577 1418 4
e 3581 3580 3
e 3581 3579 10
e 3580 3139 5
e 3580 1921 6
e 3583 3582 2
e 3583 3579 2
e 3582 2704 7
e 3582 3018 9
e 3587 3586 7
e 3587 3584 9
e 3586 2524 6
e 3586 3585 5
e 3591 3590 9
e 3591 3588 8
e 3590 481 1
e 3590 3589 10
e 3593 3592 10
e 3593 3588 9
e 3592 485 7
e 3592 583 2
e 3598 3597 7
e 3598 3594 3
e 3597 3595 3
e 3597 3596 10
e 3601 3600 10
e 3601 3594 10
e 3600 56 2
e 3600 3599 2
e 3605 3604 10
e 3605 3602 2
e 3604 3603 5
e 3604 3134 9
e 3609 3608 6
e 3609 3606 7
e 3608 2989 5
e 3608 3607 7
e 3612 3611 8
e 3612 3606 10
e 3611 3610 10
e 3611 3409 8
e 3615 3614 1
e 3615 3606 3
e 3614 3613 5
e 3614 2270 7
e 3618 3617 3
e 3618 3606 10
e 3617 3173 10
e 3617 3616 7
e 3621 3620 1
e 3621 3606 7
e 3620 3619 6
e 3620 2895 4
e 3624 3623 1
e 3624 3606 8
e 3623 3622 5
e 3623 280 6
e 3629 3628 1
e 3629 3625 6
e 3628 3626 5
e 3628 3627 5
e 3633 3632 5
e 3633 3630 8
e 3632 3005 2
e 3632 3631 4
e 3635 3634 3
e 3635 3630 5
e 3634 2274 8
e 3634 1625 6
e 3638 3637 5
e 3638 3636 7
e 3637 1295 10
e 3637 32 2
e 3640 3639 4
e 3640 3636 8
e 3639 2019 4
e 3639 2174 7
e 3642 3641 8
e 3642 3636 9
e 3641 1161 6
e 3641 3029 1
e 3645 3644 9
e 3645 3643 3
e 3644 1247 2
e 3644 1205 5
e 3647 3646 9
e 3647 3643 7
e 3646 281 3
e 3646 1031 9
e 3649 3648 10
e 3649 3643 1
e 3648 342 3
e 3648 1938 4
e 3652 3651 4
e 3652 3650 1
e 3651 1665 4
e 3651 2747 1
e 3654 3653 8
e 3654 3650 1
e 3653 626 6
e 3653 2752 4
e 3656 3655 5
e 3656 3650 6
e 3655 1913 8
e 3655 431 9
e 3659 3658 7
e 3659 3650 2
e 3658 3657 1
e 3658 2307 4
e 3662 3661 6
e 3662 3650 8
e 3661 3660 10
e 3661 3603 8
e 3665 3664 3
e 3665 3425 8
e 3664 3663 10
e 3664 3537 9
e 3669 3668 6
e 3669 3666 6
e 3668 159 3
e 3668 3667 5
e 3671 3670 2
e 3671 3666 5
e 3670 1570 1
e 3670 962 7
e 3673 3672 1
e 3673 3666 3
e 3672 1931 10
e 3672 294 4
e 3677 3676 4
e 3677 3674 4
e 3676 3675 4
e 3676 2400 5
e 3680 3679 7
e 3680 3674 9
e 3679 992 1
e 3679 3678 1
e 3682 3681 8
e 3682 3674 3
e 3681 996 3
e 3681 2407 10
e 3686 3685 1
e 3686 3683 4
e 3685 2429 5
e 3685 3684 10
e 3688 3687 5
e 3688 3683 5
e 3687 1483 7
e 3687 2332 7
e 3693 3692 6
e 3693 3689 8
e 3692 3690 5
e 3692 3691 4
e 3696 3695 8
e 3696 3689 5
e 3695 2743 9
e 3695 3694 10
e 3700 3699 7
e 3700 3697 10
e 3699 3455 2
e 3699 3698 1
e 3704 3703 9
e 3704 3701 6
e 3703 3702 9
e 3703 2089 10
e 3707 3706 10
e 3707 3701 5
e 3706 963 5
e 3706 3705 2
e 3709 3708 8
e 3709 3701 2
e 3708 2296 6
e 3708 135 5
e 3712 3711 6
e 3712 3701 5
e 3711 3710 5
e 3711 3325 5
e 3715 3714 4
e 3715 3701 3
e 3714 3713 9
e 3714 3329 4
e 3718 3717 1
e 3718 3716 10
e 3717 2374 7
e 3717 2541 6
e 3720 3719 3
e 3720 3716 1
e 3719 1868 8
e 3719 2446 5
e 3722 3721 5
e 3722 3716 7
e 3721 2377 7
e 3721 3353 7
e 3724 3723 1
e 3724 3716 10
e 3723 1875 10
e 3723 2196 4
e 3726 3725 6
e 3726 3716 4
e 3725 2380 9
e 3725 2549 8
e 3729 3728 6
e 3729 3727 9
e 3728 1283 5
e 3728 1683 3
e 3732 3731 9
e 3732 3730 3
e 3731 3191 5
e 3731 3660 2
e 3735 3734 8
e 3735 3733 3
e 3734 235 5
e 3734 2523 9
e 3737 3736 3
e 3737 3733 6
e 3736 2193 2
e 3736 2527 4
e 3739 3738 6
e 3739 3733 4
e 3738 186 5
e 3738 2905 7
e 3743 3742 6
e 3743 3740 6
e 3742 3684 5
e 3742 3741 10
e 3746 3745 5
e 3746 3740 8
e 3745 551 2
e 3745 3744 8
e 3750 3749 1
e 3750 3747 10
e 3749 2490 10
e 3749 3748 10
e 3754 3753 2
e 3754 3751 8
e 3753 3616 4
e 3753 3752 9
e 3758 3757 2
e 3758 3755 7
e 3757 3251 9
e 3757 3756 5
e 3760 3759 7
e 3760 3755 1
e 3759 3255 3
e 3759 371 3
e 3762 3761 4
e 3762 3755 6
e 3761 3262 7
e 3761 375 10
e 3765 3764 8
e 3765 3763 3
e 3764 1343 6
e 3764 3675 3
e 3767 3766 2
e 3767 3763 8
e 3766 3678 6
e 3766 3560 3
e 3770 3769 6
e 3770 3768 1
e 3769 2460 1
e 3769 2222 8
e 3773 3772 5
e 3773 3771 4
e 3772 2056 3
e 3772 3372 10
e 3776 3775 3
e 3776 3771 8
e 3775 3774 2
e 3775 2006 3
e 3780 3779 10
e 3780 3777 7
e 3779 3607 7
e 3779 3778 7
e 3783 3782 7
e 3783 3777 8
e 3782 3781 7
e 3782 806 1
e 3787 3786 1
e 3787 3784 9
e 3786 1838 4
e 3786 3785 6
e 3789 3788 1
e 3789 3784 6
e 3788 1872 9
e 3788 2596 4
e 3792 3791 1
e 3792 3784 1
e 3791 2197 4
e 3791 3790 4
e 3796 3795 6
e 3796 3793 5
e 3795 2966 3
e 3795 3794 2
e 3798 3797 7
e 3798 3793 9
e 3797 1999 10
e 3797 2640 5
e 3800 3799 3
e 3800 3690 2
e 3799 3694 1
e 3799 3092 5
e 3802 3801 5
e 3802 3690 8
e 3801 2031 9
e 3801 1558 10
e 3805 3804 9
e 3805 3803 6
e 3804 2252 7
e 3804 2318 3
e 3808 3807 6
e 3808 3806 8
e 3807 2328 6
e 3807 3035 4
e 3811 3810 3
e 3811 3809 7
e 3810 2757 1
e 3810 2836 4
e 3813 3812 4
e 3813 3809 3
e 3812 3596 4
e 3812 2839 1
e 3815 3814 10
e 3815 3809 9
e 3814 3599 3
e 3814 2842 2
e 3818 3817 6
e 3818 3816 1
e 3817 149 7
e 3817 153 5
e 3822 3821 9
e 3822 3819 10
e 3821 693 1
e 3821 3820 10
e 3824 3823 1
e 3824 3819 2
e 3823 3177 1
e 3823 2992 1
e 3826 3825 2
e 3826 3819 7
e 3825 1426 8
e 3825 2996 7
e 3830 3829 2
e 3830 3827 9
e 3829 3828 5
e 3829 12 8
e 3834 3833 3
e 3834 3831 4
e 3833 3832 1
e 3833 3433 5
e 3836 3835 7
e 3836 3831 2
e 3835 3198 9
e 3835 2949 5
e 3838 3837 10
e 3838 3831 10
e 3837 3399 3
e 3837 311 7
e 3841 3840 2
e 3841 3839 9
e 3840 3820 10
e 3840 2988 2
e 3843 3842 5
e 3843 3839 2
e 3842 65 2
e 3842 3613 8
e 3846 3845 4
e 3846 3839 10
e 3845 2820 4
e 3845 3844 5
e 3848 3847 9
e 3848 3839 4
e 3847 2993 6
e 3847 3622 7
e 3850 3849 5
e 3850 3839 3
e 3849 2954 1
e 3849 239 9
e 3852 3851 8
e 3852 3839 4
e 3851 2997 8
e 3851 3781 6
e 3855 3854 4
e 3855 3853 1
e 3854 1185 1
e 3854 1956 2
e 3858 3857 2
e 3858 3856 10
e 3857 1465 8
e 3857 897 3
e 3860 3859 2
e 3860 1533 9
e 3859 1687 2
e 3859 1886 2
e 3862 3861 5
e 3862 1533 4
e 3861 2696 8
e 3861 1690 5
e 3864 3863 5
e 3864 1533 8
e 3863 499 1
e 3863 408 2
e 3867 3866 3
e 3867 3865 1
e 3866 534 5
e 3866 116 6
e 3871 3870 6
e 3871 3868 7
e 3870 3310 2
e 3870 3869 2
e 3873 3872 1
e 3873 3868 1
e 3872 2290 3
e 3872 358 3
e 3877 3876 6
e 3877 3874 6
e 3876 3875 8
e 3876 654 10
e 3879 3878 5
e 3879 3874 2
e 3878 1542 6
e 3878 2477 6
e 3882 3881 3
e 3882 3880 2
e 3881 3667 7
e 3881 3282 7
e 3884 3883 8
e 3884 3880 5
e 3883 1058 7
e 3883 523 8
e 3887 3886 7
e 3887 3880 3
e 3886 3885 2
e 3886 2779 3
e 3889 3888 1
e 3889 3880 3
e 3888 2286 2
e 3888 3288 7
e 3892 3891 10
e 3892 3890 8
e 3891 869 10
e 3891 1271 8
e 3895 3894 3
e 3895 3890 10
e 3894 1501 7
e 3894 3893 6
e 3897 3896 10
e 3897 3890 1
e 3896 286 3
e 3896 1277 8
e 3900 3899 8
e 3900 3898 2
e 3899 3363 7
e 3899 2391 8
e 3902 3901 1
e 3902 3898 2
e 3901 3522 5
e 3901 2395 6
e 3904 3903 1
e 3904 3898 9
e 3903 3525 10
e 3903 2485 10
e 3907 3906 4
e 3907 3905 6
e 3906 3489 9
e 3906 3313 9
e 3909 3908 10
e 3909 3905 2
e 3908 2248 7
e 3908 2314 4
e 3912 3911 8
e 3912 3905 6
e 3911 3910 7
e 3911 2812 3
e 3915 3914 9
e 3915 3913 10
e 3914 951 1
e 3914 450 1
e 3918 3917 3
e 3918 3916 9
e 3917 3292 8
e 3917 1998 8
e 3921 3920 3
e 3921 3916 2
e 3920 3919 8
e 3920 3774 6
e 3924 3923 4
e 3924 3922 6
e 3923 432 5
e 3923 3557 1
e 3926 3925 9
e 3926 3922 4
e 3925 2232 9
e 3925 1703 7
e 3930 3929 7
e 3930 3927 4
e 3929 1546 2
e 3929 3928 8
e 3933 3932 8
e 3933 3927 10
e 3932 1099 8
e 3932 3931 2
e 3936 3935 8
e 3936 3934 8
e 3935 2801 6
e 3935 3046 2
e 3940 3939 8
e 3940 3937 1
e 3939 3938 2
e 3939 2846 7
e 3943 3942 7
e 3943 3937 1
e 3942 3941 9
e 3942 2849 9
e 3945 3944 1
e 3945 3937 2
e 3944 368 10
e 3944 3362 10
e 3948 3947 5
e 3948 3937 9
e 3947 1374 9
e 3947 3946 4
e 3951 3950 8
e 3951 3949 6
e 3950 3118 6
e 3950 629 1
e 3954 3953 4
e 3954 3952 8
e 3953 1980 6
e 3953 3910 9
e 3957 3956 10
e 3957 3955 10
e 3956 2042 8
e 3956 3242 6
e 3959 3958 8
e 3959 3955 2
e 3958 24 2
e 3958 2048 4
e 3962 3961 1
e 3962 3955 6
e 3961 3960 6
e 3961 1800 5
e 3965 3964 9
e 3965 3963 9
e 3964 3785 6
e 3964 1500 2
e 3967 3966 1
e 3967 3963 3
e 3966 182 8
e 3966 2980 3
e 3969 3968 7
e 3969 3963 2
e 3968 2906 5
e 3968 3451 10
e 3972 3971 4
e 3972 3963 4
e 3971 3297 2
e 3971 3970 7
e 3975 3974 4
e 3975 3973 8
e 3974 1538 4
e 3974 2724 6
e 3978 3977 2
e 3978 3973 7
e 3977 3928 1
e 3977 3976 10
e 3980 3979 2
e 3980 3973 8
e 3979 3931 8
e 3979 3713 10
e 3983 3982 9
e 3983 3981 3
e 3982 3437 8
e 3982 3657 1
e 3986 3985 9
e 3986 3984 1
e 3985 569 9
e 3985 2119 7
e 3990 3989 10
e 3990 3987 8
e 3989 3988 9
e 3989 1891 3
e 3992 3991 10
e 3992 3987 3
e 3991 2882 3
e 3991 3271 2
e 3994 3993 7
e 3994 3987 10
e 3993 3893 10
e 3993 2666 6
e 3996 3995 9
e 3996 3987 7
e 3995 2670 7
e 3995 3254 10
e 3999 3998 4
e 3999 3997 5
e 3998 3756 7
e 3998 3832 6
e 4001 4000 5
e 4001 3997 8
e 4000 372 3
e 4000 3197 3
e 4003 4002 7
e 4003 3997 10
e 4002 376 9
e 4002 3398 5
e 4007 4006 9
e 4007 4004 6
e 4006 4005 9
e 4006 1373 4
e 4010 4009 4
e 4010 4008 4
e 4009 1582 10
e 4009 3569 5
e 4012 4011 6
e 4012 4008 3
e 4011 3705 3
e 4011 2062 9
e 4014 4013 9
e 4014 4008 6
e 4013 1647 2
e 4013 82 6
e 4016 4015 9
e 4016 4008 8
e 4015 3545 10
e 4015 3160 10
e 4019 4018 7
e 4019 4008 9
e 4018 3135 5
e 4018 4017 7
e 4022 4021 1
e 4022 4020 9
e 4021 2789 2
e 4021 1237 1
e 4024 4023 7
e 4024 4020 3
e 4023 1727 1
e 4023 1241 1
e 4027 4026 4
e 4027 4025 5
e 4026 3741 3
e 4026 645 5
e 4029 4028 5
e 4029 4025 3
e 4028 3744 1
e 4028 649 5
e 4032 4031 4
e 4032 4030 9
e 4031 1566 1
e 4031 3702 6
e 4034 4033 8
e 4034 4030 2
e 4033 2474 10
e 4033 1052 9
e 4037 4036 4
e 4037 4030 9
e 4036 3219 7
e 4036 4035 4
e 4039 4038 9
e 4039 4030 5
e 4038 3976 1
e 4038 3710 7
e 4041 4040 7
e 4041 4030 7
e 4040 3213 6
e 4040 2098 9
e 4044 4043 1
e 4044 4042 1
e 4043 2585 5
e 4043 1758 4
e 4046 4045 10
e 4046 4042 8
e 4045 1274 4
e 4045 3079 6
e 4048 4047 10
e 4048 4042 9
e 4047 3461 10
e 4047 23 4
e 4050 4049 4
e 4050 4042 5
e 4049 271 8
e 4049 3084 3
e 4052 4051 2
e 4052 4042 3
e 4051 3464 3
e 4051 3960 9
e 4056 4055 2
e 4056 4053 7
e 4055 4054 1
e 4055 2489 7
e 4059 4058 5
e 4059 4057 9
e 4058 1922 5
e 4058 2243 3
e 4061 4060 3
e 4061 4057 10
e 4060 1818 5
e 4060 559 1
e 4063 4062 6
e 4063 4057 8
e 4062 1822 3
e 4062 764 1
e 4066 4065 3
e 4066 4064 6
e 4065 2278 10
e 4065 1629 1
e 4069 4068 10
e 4069 4067 5
e 4068 3350 8
e 4068 3529 10
e 4073 4072 9
e 4073 4070 6
e 4072 245 2
e 4072 4071 6
e 4075 4074 9
e 4075 4070 4
e 4074 3698 3
e 4074 1115 9
e 4078 4077 2
e 4078 4076 9
e 4077 3794 3
e 4077 3309 7
e 4081 4080 9
e 4081 4079 9
e 4080 1018 7
e 4080 2553 2
e 4084 4083 6
e 4084 4082 4
e 4083 3869 4
e 4083 784 6
e 4087 4086 6
e 4087 4085 6
e 4086 456 5
e 4086 1721 4
e 4089 4088 10
e 4089 4085 9
e 4088 3475 8
e 4088 1492 9
e 4091 4090 1
e 4091 4085 2
e 4090 394 6
e 4090 72 8
e 4094 4093 4
e 4094 4092 10
e 4093 3330 10
e 4093 4054 4
e 4097 4096 1
e 4097 4095 6
e 4096 1984 7
e 4096 158 2
e 4099 4098 7
e 4099 4095 5
e 4098 3089 9
e 4098 1733 5
e 4101 4100 1
e 4101 4095 9
e 4100 3208 6
e 4100 1541 9
e 4105 4104 9
e 4105 4095 8
e 4104 4102 8
e 4104 4103 1
e 4108 4107 5
e 4108 4106 4
e 4107 589 6
e 4107 3663 9
e 4111 4110 2
e 4111 4109 2
e 4110 825 3
e 4110 3988 9
e 4114 4113 9
e 4114 4109 1
e 4113 4112 2
e 4113 1511 4
e 4118 4117 4
e 4118 4115 7
e 4117 4116 2
e 4117 3183 4
e 4120 4119 9
e 4120 4115 7
e 4119 723 2
e 4119 3186 3
e 4124 4123 1
e 4124 4121 8
e 4123 4122 6
e 4123 1942 1
e 4126 4125 2
e 4126 4121 2
e 4125 2621 1
e 4125 1193 3
e 4129 4128 5
e 4129 4121 9
e 4128 4127 2
e 4128 1200 10
e 4131 4130 4
e 4131 441 5
e 4130 2673 7
e 4130 3261 7
e 4134 4133 8
e 4134 4132 7
e 4133 3752 7
e 4133 1221 6
e 4138 4137 1
e 4138 4135 7
e 4137 4136 2
e 4137 3058 9
e 4140 4139 1
e 4140 4135 10
e 4139 3063 2
e 4139 2346 10
e 4143 4142 1
e 4143 4141 2
e 4142 3844 6
e 4142 792 9
e 4146 4145 2
e 4146 4144 5
e 4145 2891 5
e 4145 3875 10
e 4148 4147 2
e 4148 4144 5
e 4147 1434 8
e 4147 2870 7
e 4150 4149 7
e 4150 4144 1
e 4149 1751 8
e 4149 4102 3
e 4153 4152 9
e 4153 4151 4
e 4152 655 3
e 4152 3544 7
e 4155 4154 9
e 4155 4151 5
e 4154 3589 3
e 4154 77 5
e 4158 4157 6
e 4158 4156 1
e 4157 2581 9
e 4157 463 9
e 4162 4161 3
e 4162 4159 2
e 4161 4160 1
e 4161 2273 1
e 4166 4165 10
e 4166 4163 10
e 4165 820 7
e 4165 4164 9
e 4168 4167 9
e 4168 4163 2
e 4167 2681 5
e 4167 4160 4
e 4170 4169 6
e 4170 4163 4
e 4169 2688 7
e 4169 2277 9
e 4173 4172 3
e 4173 4171 3
e 4172 860 3
e 4172 1320 4
e 4176 4175 10
e 4176 4174 5
e 4175 4071 4
e 4175 1475 2
e 4178 4177 3
e 4178 4174 10
e 4177 1116 1
e 4177 2442 9
e 4181 4180 8
e 4181 4179 9
e 4180 1014 2
e 4180 4136 5
e 4184 4183 2
e 4184 4182 5
e 4183 163 2
e 4183 3885 4
e 4186 4185 10
e 4186 4182 8
e 4185 167 6
e 4185 2285 6
e 4189 4188 3
e 4189 4187 4
e 4188 3 2
e 4188 1917 5
e 4191 4190 10
e 4191 4187 2
e 4190 1607 4
e 4190 4116 6
e 4193 4192 8
e 4193 4187 8
e 4192 2923 6
e 4192 722 10
e 4196 4195 5
e 4196 4194 10
e 4195 798 3
e 4195 3481 10
e 4199 4198 10
e 4199 4197 6
e 4198 842 6
e 4198 1022 7
e 4201 4200 3
e 4201 4197 1
e 4200 1963 6
e 4200 3610 4
e 4203 4202 4
e 4203 4197 7
e 4202 7 5
e 4202 2573 6
e 4205 4204 3
e 4205 4197 6
e 4204 1973 8
e 4204 3619 8
e 4207 4206 8
e 4207 4197 6
e 4206 2239 5
e 4206 3296 8
e 4210 4209 9
e 4210 4208 2
e 4209 702 3
e 4209 3938 10
e 4212 4211 2
e 4212 4208 5
e 4211 2785 3
e 4211 1369 9
e 4214 4213 4
e 4214 4208 5
e 4213 3627 2
e 4213 4005 2
e 4217 4216 1
e 4217 4215 9
e 4216 926 1
e 4216 1694 10
e 4220 4219 10
e 4220 4218 7
e 4219 2901 10
e 4219 2496 4
e 4222 4221 1
e 4222 4218 9
e 4221 564 5
e 4221 2499 9
e 4225 4224 9
e 4225 4223 8
e 4224 1842 3
e 4224 2256 6
e 4227 4226 7
e 4227 4223 4
e 4226 3001 10
e 4226 2266 5
e 4229 4228 3
e 4229 4223 8
e 4228 1383 9
e 4228 2784 9
e 4231 4230 2
e 4231 4223 7
e 4230 3790 6
e 4230 2887 9
e 4233 4232 1
e 4233 4223 4
e 4232 1845 10
e 4232 3626 3
e 4236 4235 9
e 4236 4234 3
e 4235 4164 8
e 4235 3376 3
e 4238 4237 3
e 4238 4234 10
e 4237 2570 10
e 4237 2158 3
e 4240 4239 8
e 4240 4234 6
e 4239 1251 1
e 4239 2161 4
e 4242 4241 8
e 4242 4234 4
e 4241 3631 2
e 4241 3050 5
e 4244 4243 6
e 4244 4234 4
e 4243 2896 1
e 4243 2976 4
e 4246 4245 9
e 4246 4234 6
e 4245 1626 7
e 4245 3379 8
e 4248 4247 8
e 4248 4234 1
e 4247 240 1
e 4247 1229 6
e 4250 4249 2
e 4250 4234 9
e 4249 1630 5
e 4249 3382 5
e 4253 4252 10
e 4253 4251 9
e 4252 4017 10
e 4252 2533 3
e 4255 4254 7
e 4255 4251 7
e 4254 2404 6
e 4254 1064 10
e 4258 4257 2
e 4258 4256 9
e 4257 1650 5
e 4257 2065 7
e 4260 4259 4
e 4260 4256 9
e 4259 2073 7
e 4259 1410 6
e 4263 4262 6
e 4263 4261 8
e 4262 3406 8
e 4262 2171 10
e 4266 4265 1
e 4266 4264 9
e 4265 3585 3
e 4265 824 8
e 4268 4267 3
e 4268 4264 4
e 4267 829 2
e 4267 3258 9
e 4270 4269 5
e 4270 4264 4
e 4269 833 3
e 4269 4112 3
e 4273 4272 3
e 4273 4271 6
e 4272 3492 10
e 4272 2636 2
e 4275 4274 4
e 4275 4271 7
e 4274 3497 6
e 4274 1717 2
e 4278 4277 8
e 4278 4276 8
e 4277 51 8
e 4277 1290 4
e 4281 4280 10
e 4281 4279 3
e 4280 3778 7
e 4280 1246 1
e 4284 4283 4
e 4284 4282 1
e 4283 2713 3
e 4283 541 10
e 4287 4286 10
e 4287 4285 3
e 4286 389 3
e 4286 1459 9
e 4290 4289 1
e 4290 4288 10
e 4289 1330 3
e 4289 455 1
e 4292 4291 3
e 4292 4288 5
e 4291 2593 3
e 4291 2677 9
e 4294 4293 7
e 4294 4288 10
e 4293 675 10
e 4293 459 1
e 4296 4295 5
e 4296 4288 2
e 4295 1853 4
e 4295 3201 8
e 4299 4298 10
e 4299 4297 8
e 4298 3946 8
e 4298 710 3
e 4302 4301 4
e 4302 4300 7
e 4301 1411 10
e 4301 3919 3
e 4304 4303 10
e 4304 4300 3
e 4303 3748 10
e 4303 3238 9
e 4307 4306 5
e 4307 4305 3
e 4306 1734 6
e 4306 1048 8
e 4310 4309 10
e 4310 4305 10
e 4309 4308 2
e 4309 3388 4
e 4312 4311 7
e 4312 4305 7
e 4311 4035 3
e 4311 1902 2
e 4314 4313 1
e 4314 4305 4
e 4313 2780 9
e 4313 3285 9
e 4317 4316 7
e 4317 4305 3
e 4316 4103 10
e 4316 4315 2
e 4320 4319 3
e 4320 4318 8
e 4319 1989 10
e 4319 1960 10
e 4322 4321 1
e 4322 4318 9
e 4321 3130 9
e 4321 2643 2
e 4324 4323 2
e 4324 4318 8
e 4323 266 3
e 4323 50 10
e 4326 4325 9
e 4326 2038 1
e 4325 3070 7
e 4325 2756 9
e 4328 4327 7
e 4328 2038 6
e 4327 1995 1
e 4327 1755 9
e 4330 4329 7
e 4330 2038 4
e 4329 3468 8
e 4329 2760 7
e 4332 4331 6
e 4332 2038 10
e 4331 3429 10
e 4331 3828 2
e 4334 4333 7
e 4334 2038 3
e 4333 3073 5
e 4333 3595 8
e 4337 4336 4
e 4337 4335 2
e 4336 3970 5
e 4336 545 10
e 4340 4339 9
e 4340 4338 7
e 4339 4315 5
e 4339 937 4
e 4342 4341 1
e 4342 2303 1
e 4341 3278 10
e 4341 2613 9
e 4345 4344 2
e 4345 4343 9
e 4344 3243 1
e 4344 1814 7
e 4347 4346 4
e 4347 4343 6
e 4346 2928 7
e 4346 1817 6
e 4349 4348 2
e 4349 4343 3
e 4348 2932 7
e 4348 1821 10
e 4350 1 5
e 4350 2 5
e 4351 1 9
e 4351 3 7
e 4352 1 10
e 4352 6 6
e 4353 1 10
e 4353 7 5
e 4354 10 7
e 4354 15 4
e 4355 10 7
e 4355 16 9
e 4356 10 9
e 4356 12 8
e 4357 10 3
e 4357 19 6
e 4358 10 9
e 4358 20 9
e 4359 10 8
e 4359 23 5
e 4360 10 5
e 4360 24 10
e 4361 10 6
e 4361 27 7
e 4362 10 3
e 4362 28 2
e 4363 31 4
e 4363 32 8
e 4364 31 3
e 4364 33 2
e 4365 31 4
e 4365 36 9
e 4366 31 7
e 4366 37 6
e 4367 31 9
e 4367 40 10
e 4368 31 1
e 4368 41 3
e 4369 44 7
e 4369 45 1
e 4370 44 2
e 4370 46 3
e 4371 49 8
e 4371 50 10
e 4372 49 7
e 4372 51 2
e 4373 54 2
e 4373 55 5
e 4374 54 4
e 4374 56 6
e 4375 59 2
e 4375 60 10
e 4376 59 1
e 4376 61 7
e 4377 59 7
e 4377 64 10
e 4378 59 9
e 4378 65 5
e 4379 59 10
e 4379 68 1
e 4380 59 3
e 4380 69 8
e 4381 59 8
e 4381 72 1
e 4382 59 4
e 4382 73 9
e 4383 76 5
e 4383 77 4
e 4384 76 1
e 4384 78 10
e 4385 81 9
e 4385 82 9
e 4386 81 4
e 4386 83 10
e 4387 81 3
e 4387 86 1
e 4388 81 6
e 4388 87 4
e 4389 90 1
e 4389 91 3
e 4390 90 2
e 4390 92 5
e 4391 90 7
e 4391 95 6
e 4392 90 7
e 4392 96 7
e 4393 90 10
e 4393 99 4
e 4394 90 9
e 4394 100 1
e 4395 103 2
e 4395 104 2
e 4396 103 9
e 4396 105 5
e 4397 103 9
e 4397 108 10
e 4398 103 6
e 4398 109 6
e 4399 103 5
e 4399 112 4
e 4400 103 10
e 4400 113 4
e 4401 103 8
e 4401 116 7
e 4402 103 10
e 4402 117 1
e 4403 120 5
e 4403 121 3
e 4404 120 7
e 4404 122 9
e 4405 125 2
e 4405 126 9
e 4406 125 2
e 4406 127 9
e 4407 125 5
e 4407 130 6
e 4408 125 2
e 4408 131 9
e 4409 134 5
e 4409 135 9
e 4410 134 10
e 4410 136 5
e 4411 139 8
e 4411 140 7
e 4412 139 10
e 4412 141 8
e 4413 139 4
e 4413 144 6
e 4414 139 8
e 4414 145 8
e 4415 139 10
e 4415 148 1
e 4416 139 8
e 4416 149 2
e 4417 152 5
e 4417 153 2
e 4418 152 7
e 4418 154 4
e 4419 157 4
e 4419 158 6
e 4420 157 7
e 4420 159 6
e 4421 157 9
e 4421 162 9
e 4422 157 1
e 4422 163 5
e 4423 157 4
e 4423 166 5
e 4424 157 2
e 4424 167 7
e 4425 170 6
e 4425 171 2
e 4426 170 9
e 4426 172 3
e 4427 175 8
e 4427 176 6
e 4428 175 6
e 4428 177 4
e 4429 180 10
e 4429 181 5
e 4430 180 3
e 4430 182 4
e 4431 180 8
e 4431 185 4
e 4432 180 4
e 4432 186 4
e 4433 189 5
e 4433 190 4
e 4434 189 4
e 4434 191 4
e 4435 189 4
e 4435 194 10
e 4436 189 6
e 4436 195 3
e 4437 198 2
e 4437 199 2
e 4438 198 2
e 4438 200 8
e 4439 203 10
e 4439 204 1
e 4440 203 9
e 4440 205 1
e 4441 203 8
e 4441 208 6
e 4442 203 10
e 4442 209 6
e 4443 203 8
e 4443 212 10
e 4444 203 5
e 4444 213 8
e 4445 216 3
e 4445 217 9
e 4446 216 5
e 4446 218 7
e 4447 216 4
e 4447 221 10
e 4448 216 3
e 4448 222 1
e 4449 225 9
e 4449 117 7
e 4450 225 8
e 4450 226 9
e 4451 225 1
e 4451 229 9
e 4452 225 6
e 4452 230 7
e 4453 233 3
e 4453 234 8
e 4454 233 2
e 4454 235 9
e 4455 238 8
e 4455 239 6
e 4456 238 1
e 4456 240 1
e 4457 243 4
e 4457 244 7
e 4458 243 10
e 4458 245 2
e 4459 248 6
e 4459 249 6
e 4460 248 10
e 4460 250 5
e 4461 248 3
e 4461 253 9
e 4462 248 5
e 4462 254 4
e 4463 248 5
e 4463 222 8
e 4464 248 10
e 4464 257 6
e 4465 248 6
e 4465 260 3
e 4466 248 8
e 4466 261 7
e 4467 264 4
e 4467 265 7
e 4468 264 6
e 4468 266 6
e 4469 269 7
e 4469 270 5
e 4470 269 8
e 4470 271 3
e 4471 274 10
e 4471 275 3
e 4472 274 10
e 4472 276 4
e 4473 279 2
e 4473 280 5
e 4474 279 4
e 4474 281 9
e 4475 284 7
e 4475 285 7
e 4476 284 4
e 4476 286 3
e 4477 289 3
e 4477 290 8
e 4478 289 1
e 4478 291 3
e 4479 289 7
e 4479 294 8
e 4480 289 3
e 4480 295 9
e 4481 289 9
e 4481 298 6
e 4482 289 8
e 4482 299 5
e 4483 289 5
e 4483 302 9
e 4484 289 10
e 4484 303 1
e 4485 306 7
e 4485 307 2
e 4486 306 3
e 4486 308 1
e 4487 306 4
e 4487 311 5
e 4488 306 8
e 4488 312 2
e 4489 306 8
e 4489 315 6
e 4490 306 5
e 4490 316 6
e 4491 319 6
e 4491 320 9
e 4492 319 9
e 4492 321 5
e 4493 324 6
e 4493 33 1
e 4494 324 7
e 4494 325 2
e 4495 324 6
e 4495 218 10
e 4496 324 4
e 4496 328 10
e 4497 324 10
e 4497 257 9
e 4498 324 3
e 4498 331 5
e 4499 324 6
e 4499 37 6
e 4500 324 9
e 4500 334 8
e 4501 324 8
e 4501 261 2
e 4502 324 7
e 4502 337 10
e 4503 340 5
e 4503 341 8
e 4504 340 3
e 4504 342 3
e 4505 345 6
e 4505 346 7
e 4506 345 10
e 4506 347 10
e 4507 345 7
e 4507 328 2
e 4508 345 2
e 4508 350 3
e 4509 353 6
e 4509 354 4
e 4510 353 6
e 4510 355 6
e 4511 353 5
e 4511 358 5
e 4512 353 10
e 4512 359 7
e 4513 362 5
e 4513 363 8
e 4514 362 6
e 4514 341 10
e 4515 366 9
e 4515 367 8
e 4516 366 7
e 4516 368 3
e 4517 366 3
e 4517 371 1
e 4518 366 3
e 4518 372 4
e 4519 366 5
e 4519 375 2
e 4520 366 4
e 4520 376 3
e 4521 379 7
e 4521 380 2
e 4522 379 2
e 4522 381 2
e 4523 379 8
e 4523 384 9
e 4524 379 1
e 4524 208 1
e 4525 387 7
e 4525 388 9
e 4526 387 2
e 4526 389 2
e 4527 392 5
e 4527 393 10
e 4528 392 3
e 4528 394 2
e 4529 397 7
e 4529 398 5
e 4530 397 4
e 4530 399 4
e 4531 402 5
e 4531 403 8
e 4532 402 3
e 4532 404 3
e 4533 407 9
e 4533 408 3
e 4534 407 1
e 4534 409 1
e 4535 407 6
e 4535 412 6
e 4536 407 8
e 4536 413 8
e 4537 416 9
e 4537 417 5
e 4538 416 9
e 4538 418 8
e 4539 416 3
e 4539 421 9
e 4540 416 3
e 4540 422 10
e 4541 425 10
e 4541 426 8
e 4542 425 10
e 4542 427 7
e 4543 430 9
e 4543 431 9
e 4544 430 5
e 4544 432 6
e 4545 435 8
e 4545 436 9
e 4546 435 4
e 4546 437 2
e 4547 440 8
e 4547 442 5
e 4548 445 6
e 4548 446 7
e 4549 445 5
e 4549 447 3
e 4550 445 5
e 4550 450 1
e 4551 445 1
e 4551 451 9
e 4552 454 3
e 4552 455 6
e 4553 454 5
e 4553 456 8
e 4554 454 9
e 4554 459 1
e 4555 454 8
e 4555 460 8
e 4556 454 5
e 4556 463 1
e 4557 454 7
e 4557 393 5
e 4558 466 10
e 4558 467 4
e 4559 466 1
e 4559 468 9
e 4560 466 6
e 4560 471 4
e 4561 466 7
e 4561 472 9
e 4562 475 7
e 4562 476 7
e 4563 475 4
e 4563 477 3
e 4564 475 7
e 4564 480 7
e 4565 475 4
e 4565 481 5
e 4566 475 2
e 4566 484 7
e 4567 475 4
e 4567 485 9
e 4568 488 10
e 4568 489 5
e 4569 488 5
e 4569 490 9
e 4570 493 5
e 4570 494 7
e 4571 493 4
e 4571 495 2
e 4572 493 3
e 4572 498 3
e 4573 493 5
e 4573 499 2
e 4574 493 8
e 4574 502 10
e 4575 493 8
e 4575 503 5
e 4576 506 10
e 4576 507 8
e 4577 506 4
e 4577 508 6
e 4579 4578 1
e 4579 2774 3
e 4580 511 1
e 4580 512 9
e 4581 511 1
e 4581 513 3
e 4582 511 2
e 4582 516 5
e 4583 511 5
e 4583 517 3
e 4584 511 8
e 4584 303 1
e 4585 511 4
e 4585 176 2
e 4586 522 3
e 4586 523 1
e 4587 522 8
e 4587 403 4
e 4588 526 6
e 4588 527 7
e 4589 526 5
e 4589 104 8
e 4590 526 6
e 4590 530 8
e 4591 526 1
e 4591 112 6
e 4592 526 2
e 4592 533 3
e 4593 526 1
e 4593 534 5
e 4594 526 7
e 4594 537 2
e 4595 526 9
e 4595 538 8
e 4596 526 3
e 4596 541 4
e 4597 526 5
e 4597 542 7
e 4598 526 1
e 4598 545 2
e 4599 526 4
e 4599 546 7
e 4600 549 8
e 4600 550 4
e 4601 549 1
e 4601 551 4
e 4602 554 8
e 4602 555 2
e 4603 554 9
e 4603 556 4
e 4604 554 8
e 4604 559 7
e 4605 554 5
e 4605 560 6
e 4606 554 3
e 4606 563 1
e 4607 554 9
e 4607 564 9
e 4608 567 2
e 4608 568 5
e 4609 567 8
e 4609 569 5
e 4610 572 4
e 4610 573 6
e 4611 572 1
e 4611 574 4
e 4612 577 2
e 4612 578 4
e 4613 577 7
e 4613 579 6
e 4614 582 1
e 4614 583 3
e 4615 582 5
e 4615 584 10
e 4616 587 2
e 4616 588 7
e 4617 587 4
e 4617 589 1
e 4618 587 1
e 4618 592 10
e 4619 587 8
e 4619 593 10
e 4620 596 3
e 4620 597 6
e 4621 596 2
e 4621 598 4
e 4622 601 3
e 4622 602 8
e 4623 601 2
e 4623 603 10
e 4624 601 6
e 4624 606 1
e 4625 601 1
e 4625 607 6
e 4626 601 3
e 4626 610 9
e 4627 601 2
e 4627 537 3
e 4628 601 8
e 4628 613 4
e 4629 601 6
e 4629 614 9
e 4630 617 6
e 4630 618 8
e 4631 617 4
e 4631 619 1
e 4632 617 7
e 4632 622 6
e 4633 617 3
e 4633 623 5
e 4634 617 1
e 4634 291 8
e 4635 617 8
e 4635 626 9
e 4636 617 5
e 4636 629 9
e 4637 617 8
e 4637 630 4
e 4638 617 10
e 4638 633 3
e 4639 617 9
e 4639 634 6
e 4640 617 6
e 4640 637 8
e 4641 617 5
e 4641 45 10
e 4642 640 9
e 4642 641 3
e 4643 640 2
e 4643 642 9
e 4644 640 3
e 4644 645 8
e 4645 640 5
e 4645 646 5
e 4646 640 9
e 4646 649 6
e 4647 640 8
e 4647 650 1
e 4648 653 9
e 4648 654 7
e 4649 653 3
e 4649 655 1
e 4650 653 10
e 4650 658 6
e 4651 653 10
e 4651 659 4
e 4652 662 6
e 4652 663 2
e 4653 662 9
e 4653 664 7
e 4654 662 4
e 4654 667 9
e 4655 662 8
e 4655 516 9
e 4656 662 3
e 4656 670 10
e 4657 662 5
e 4657 302 6
e 4658 673 7
e 4658 674 6
e 4659 673 2
e 4659 675 2
e 4660 673 9
e 4660 678 2
e 4661 673 1
e 4661 679 3
e 4662 682 3
e 4662 684 1
e 4663 682 4
e 4663 687 2
e 4664 682 8
e 4664 688 4
e 4665 691 2
e 4665 692 1
e 4666 691 10
e 4666 693 7
e 4667 691 8
e 4667 696 9
e 4668 691 10
e 4668 697 10
e 4669 700 5
e 4669 701 1
e 4670 700 6
e 4670 702 4
e 4671 705 10
e 4671 706 2
e 4672 705 1
e 4672 707 4
e 4673 705 8
e 4673 710 2
e 4674 705 8
e 4674 711 1
e 4675 714 6
e 4675 191 9
e 4676 714 7
e 4676 715 6
e 4677 718 1
e 4677 603 10
e 4678 718 5
e 4678 530 9
e 4679 721 1
e 4679 722 2
e 4680 721 5
e 4680 723 2
e 4681 726 4
e 4681 727 9
e 4682 726 2
e 4682 728 2
e 4683 726 4
e 4683 731 9
e 4684 726 7
e 4684 732 4
e 4685 735 4
e 4685 736 9
e 4686 735 4
e 4686 194 10
e 4687 739 3
e 4687 740 9
e 4688 739 9
e 4688 741 7
e 4689 744 2
e 4689 105 10
e 4690 744 6
e 4690 745 8
e 4691 744 7
e 4691 542 2
e 4692 744 3
e 4692 229 3
e 4693 750 9
e 4693 751 7
e 4694 750 9
e 4694 752 6
e 4695 755 3
e 4695 756 9
e 4696 755 10
e 4696 692 8
e 4697 755 6
e 4697 759 6
e 4698 755 9
e 4698 760 6
e 4699 763 6
e 4699 764 7
e 4700 763 7
e 4700 563 6
e 4701 767 10
e 4701 688 4
e 4702 767 10
e 4702 768 9
e 4703 767 4
e 4703 771 7
e 4704 767 9
e 4704 772 5
e 4705 775 6
e 4705 776 8
e 4706 775 8
e 4706 777 7
e 4707 775 1
e 4707 780 1
e 4708 775 5
e 4708 781 10
e 4709 775 1
e 4709 784 9
e 4710 775 3
e 4710 785 5
e 4711 775 1
e 4711 788 5
e 4712 775 4
e 4712 789 4
e 4713 775 6
e 4713 792 1
e 4714 775 5
e 4714 793 9
e 4715 796 9
e 4715 797 9
e 4716 796 10
e 4716 798 10
e 4717 796 3
e 4717 801 2
e 4718 796 1
e 4718 802 8
e 4719 805 6
e 4719 806 3
e 4720 805 3
e 4720 363 5
e 4721 809 6
e 4721 810 10
e 4722 809 4
e 4722 811 4
e 4723 809 5
e 4723 814 5
e 4724 809 2
e 4724 815 10
e 4725 818 7
e 4725 819 10
e 4726 818 4
e 4726 820 2
e 4727 823 6
e 4727 824 8
e 4728 823 3
e 4728 825 8
e 4729 823 10
e 4729 828 2
e 4730 823 10
e 4730 829 5
e 4731 823 1
e 4731 832 10
e 4732 823 7
e 4732 833 2
e 4733 836 1
e 4733 837 6
e 4734 836 6
e 4734 68 7
e 4735 840 7
e 4735 841 2
e 4736 840 4
e 4736 842 10
e 4737 840 1
e 4737 845 7
e 4738 840 1
e 4738 846 5
e 4739 840 9
e 4739 849 1
e 4740 840 6
e 4740 850 9
e 4741 853 10
e 4741 854 3
e 4742 853 6
e 4742 855 9
e 4744 4743 4
e 4744 2558 3
e 4745 858 1
e 4745 859 7
e 4746 858 8
e 4746 860 10
e 4747 863 10
e 4747 145 9
e 4748 863 2
e 4748 864 4
e 4749 867 7
e 4749 868 5
e 4750 867 7
e 4750 869 3
e 4751 867 3
e 4751 872 6
e 4752 867 2
e 4752 873 8
e 4753 867 10
e 4753 876 1
e 4754 867 9
e 4754 285 7
e 4755 867 5
e 4755 879 2
e 4756 867 7
e 4756 880 9
e 4757 867 7
e 4757 883 3
e 4758 867 3
e 4758 884 8
e 4759 887 9
e 4759 888 4
e 4760 887 8
e 4760 889 7
e 4761 892 10
e 4761 893 4
e 4762 892 9
e 4762 894 10
e 4763 892 9
e 4763 897 4
e 4764 892 4
e 4764 898 2
e 4765 901 5
e 4765 451 7
e 4766 901 6
e 4766 902 10
e 4767 905 2
e 4767 906 2
e 4768 905 7
e 4768 907 7
e 4769 910 6
e 4769 911 6
e 4770 910 4
e 4770 912 6
e 4771 910 6
e 4771 915 10
e 4772 910 1
e 4772 916 5
e 4773 919 3
e 4773 920 6
e 4774 919 10
e 4774 921 8
e 4775 924 10
e 4775 925 3
e 4776 924 8
e 4776 926 1
e 4777 924 4
e 4777 929 4
e 4778 924 6
e 4778 930 3
e 4779 924 2
e 4779 933 2
e 4780 924 1
e 4780 934 4
e 4781 924 10
e 4781 937 3
e 4782 924 5
e 4782 938 1
e 4783 924 6
e 4783 941 2
e 4784 924 5
e 4784 942 8
e 4785 945 8
e 4785 642 1
e 4786 945 6
e 4786 446 4
e 4787 945 9
e 4787 646 4
e 4788 945 4
e 4788 948 9
e 4789 945 9
e 4789 650 5
e 4790 945 9
e 4790 951 8
e 4791 954 10
e 4791 955 3
e 4792 954 1
e 4792 956 7
e 4793 954 10
e 4793 855 9
e 4794 954 1
e 4794 959 5
e 4795 954 3
e 4795 962 1
e 4796 954 5
e 4796 963 4
e 4797 954 10
e 4797 966 5
e 4798 954 1
e 4798 967 8
e 4799 970 1
e 4799 956 2
e 4800 970 7
e 4800 476 5
e 4801 973 6
e 4801 974 2
e 4802 973 1
e 4802 975 5
e 4803 973 7
e 4803 978 4
e 4804 973 7
e 4804 979 9
e 4805 982 2
e 4805 983 6
e 4806 982 8
e 4806 984 10
e 4807 987 9
e 4807 988 2
e 4808 987 3
e 4808 989 4
e 4809 987 9
e 4809 979 8
e 4810 987 9
e 4810 992 1
e 4811 987 1
e 4811 995 4
e 4812 987 9
e 4812 996 5
e 4813 999 6
e 4813 1000 8
e 4814 999 7
e 4814 1001 3
e 4815 1004 1
e 4815 1005 6
e 4816 1004 6
e 4816 915 6
e 4817 1008 5
e 4817 1009 4
e 4818 1008 9
e 4818 426 5
e 4820 4819 1
e 4820 2703 5
e 4821 1012 7
e 4821 1013 1
e 4822 1012 9
e 4822 1014 5
e 4823 1012 4
e 4823 1017 3
e 4824 1012 6
e 4824 1018 7
e 4825 1021 3
e 4825 1022 2
e 4826 1021 7
e 4826 1023 9
e 4827 1021 10
e 4827 1026 4
e 4828 1021 7
e 4828 1027 4
e 4829 1030 10
e 4829 1031 3
e 4830 1030 7
e 4830 1032 5
e 4831 1035 10
e 4831 1036 6
e 4832 1035 8
e 4832 1037 9
e 4833 1035 3
e 4833 1040 4
e 4834 1035 3
e 4834 1041 10
e 4835 1044 9
e 4835 136 4
e 4836 1044 3
e 4836 1045 5
e 4837 1044 9
e 4837 1048 3
e 4838 1044 7
e 4838 929 3
e 4839 1051 10
e 4839 1052 3
e 4840 1051 6
e 4840 1053 2
e 4841 1056 9
e 4841 1057 9
e 4842 1056 2
e 4842 1058 3
e 4843 1056 6
e 4843 975 3
e 4844 1056 1
e 4844 1061 6
e 4845 1056 7
e 4845 1064 7
e 4846 1056 5
e 4846 1065 8
e 4848 4847 5
e 4848 4127 3
e 4849 1068 4
e 4849 399 2
e 4850 1068 3
e 4850 1069 3
e 4851 1072 1
e 4851 1073 10
e 4852 1072 10
e 4852 1074 5
e 4853 1077 10
e 4853 1078 10
e 4854 1077 10
e 4854 1079 4
e 4855 1077 10
e 4855 768 4
e 4856 1077 4
e 4856 1082 1
e 4857 1077 6
e 4857 772 2
e 4858 1077 8
e 4858 1085 3
e 4859 1088 9
e 4859 574 10
e 4860 1088 8
e 4860 217 6
e 4861 1088 3
e 4861 1091 7
e 4862 1088 8
e 4862 221 8
e 4863 1088 3
e 4863 1094 3
e 4864 1088 4
e 4864 260 4
e 4865 1097 1
e 4865 1098 7
e 4866 1097 1
e 4866 1099 5
e 4867 1102 7
e 4867 1103 4
e 4868 1102 4
e 4868 810 4
e 4869 1102 2
e 4869 1106 3
e 4870 1102 8
e 4870 814 10
e 4871 1109 8
e 4871 1110 6
e 4872 1109 8
e 4872 1111 4
e 4873 1114 7
e 4873 1115 7
e 4874 1114 1
e 4874 1116 10
e 4875 1119 7
e 4875 355 6
e 4876 1119 7
e 4876 1120 10
e 4877 1123 10
e 4877 16 10
e 4878 1123 9
e 4878 1128 9
e 4879 1123 1
e 4879 1125 9
e 4880 1131 2
e 4880 942 8
e 4881 1131 8
e 4881 1132 1
e 4882 1135 4
e 4882 1136 9
e 4883 1135 9
e 4883 1137 7
e 4884 1135 1
e 4884 760 9
e 4885 1135 7
e 4885 1140 9
e 4886 1143 1
e 4886 1144 4
e 4887 1143 5
e 4887 883 8
e 4888 1143 7
e 4888 1147 5
e 4889 1143 5
e 4889 1148 8
e 4890 1151 3
e 4890 1152 7
e 4891 1151 5
e 4891 674 10
e 4892 1155 1
e 4892 1156 9
e 4893 1155 3
e 4893 1157 8
e 4894 1155 8
e 4894 1160 2
e 4895 1155 9
e 4895 1161 2
e 4896 1155 3
e 4896 1164 10
e 4897 1155 9
e 4897 1165 3
e 4898 1155 7
e 4898 1168 7
e 4899 1155 6
e 4899 1169 8
e 4900 1155 1
e 4900 1172 3
e 4901 1155 8
e 4901 1173 10
e 4902 1176 4
e 4902 1177 8
e 4903 1176 2
e 4903 1144 5
e 4904 1180 6
e 4904 200 3
e 4905 1180 2
e 4905 507 2
e 4906 1183 2
e 4906 1184 8
e 4907 1183 6
e 4907 1185 2
e 4908 1188 9
e 4908 1189 7
e 4909 1188 9
e 4909 1190 10
e 4910 1188 3
e 4910 1193 7
e 4911 1188 9
e 4911 568 7
e 4912 1188 1
e 4912 1196 3
e 4913 1188 6
e 4913 1197 10
e 4914 1188 3
e 4914 1200 3
e 4915 1188 3
e 4915 1201 3
e 4916 1204 1
e 4916 1205 7
e 4917 1204 5
e 4917 1206 5
e 4918 1209 8
e 4918 1210 5
e 4919 1209 3
e 4919 1211 2
e 4920 1209 3
e 4920 1214 4
e 4921 1209 1
e 4921 797 10
e 4922 1209 5
e 4922 1217 1
e 4923 1209 8
e 4923 1000 8
e 4924 1220 8
e 4924 1221 9
e 4925 1220 1
e 4925 1222 10
e 4926 1220 8
e 4926 1225 4
e 4927 1220 4
e 4927 1226 10
e 4928 1220 8
e 4928 1229 8
e 4929 1220 7
e 4929 1230 8
e 4930 1233 2
e 4930 1234 10
e 4931 1233 10
e 4931 819 1
e 4932 1233 4
e 4932 1237 9
e 4933 1233 5
e 4933 1238 10
e 4934 1233 9
e 4934 1241 4
e 4935 1233 1
e 4935 1242 3
e 4936 1245 3
e 4936 1246 1
e 4937 1245 6
e 4937 1247 1
e 4938 1245 3
e 4938 1250 1
e 4939 1245 10
e 4939 1251 10
e 4940 1245 5
e 4940 785 6
e 4941 1245 2
e 4941 1164 1
e 4942 1245 2
e 4942 1222 7
e 4943 1245 3
e 4943 1256 3
e 4944 1245 5
e 4944 793 10
e 4945 1245 10
e 4945 1259 10
e 4946 1262 9
e 4946 1263 3
e 4947 1262 8
e 4947 1264 10
e 4948 1262 6
e 4948 1267 1
e 4949 1262 2
e 4949 1268 5
e 4950 1262 6
e 4950 1271 6
e 4951 1262 7
e 4951 489 2
e 4952 1262 7
e 4952 873 9
e 4953 1262 2
e 4953 1274 5
e 4954 1262 8
e 4954 1277 3
e 4955 1262 2
e 4955 1278 5
e 4956 1281 6
e 4956 1282 9
e 4957 1281 7
e 4957 1283 9
e 4958 1286 4
e 4958 1287 4
e 4959 1286 10
e 4959 845 1
e 4960 1286 2
e 4960 1290 10
e 4961 1286 9
e 4961 849 2
e 4962 1293 8
e 4962 1294 10
e 4963 1293 5
e 4963 1295 7
e 4964 1293 10
e 4964 1298 6
e 4965 1293 5
e 4965 1299 9
e 4966 1302 10
e 4966 894 10
e 4967 1302 6
e 4967 687 3
e 4968 1302 10
e 4968 1305 10
e 4969 1302 8
e 4969 1017 9
e 4970 1308 8
e 4970 1309 8
e 4971 1308 3
e 4971 613 10
e 4972 1312 4
e 4972 777 5
e 4973 1312 4
e 4973 1313 1
e 4974 1312 2
e 4974 1316 1
e 4975 1312 8
e 4975 1317 2
e 4976 1312 4
e 4976 1320 10
e 4977 1312 7
e 4977 1321 7
e 4978 1324 1
e 4978 1169 6
e 4979 1324 6
e 4979 1325 9
e 4980 1328 4
e 4980 1329 1
e 4981 1328 4
e 4981 1330 5
e 4982 1328 5
e 4982 1065 2
e 4983 1328 5
e 4983 1333 5
e 4984 1328 9
e 4984 1336 9
e 4985 1328 6
e 4985 1337 1
e 4986 1328 2
e 4986 122 6
e 4987 1328 6
e 4987 86 7
e 4988 1342 10
e 4988 989 10
e 4989 1342 1
e 4989 1343 3
e 4990 1346 4
e 4990 1023 6
e 4991 1346 6
e 4991 1347 8
e 4992 1346 8
e 4992 359 1
e 4993 1346 3
e 4993 1350 8
e 4994 1346 3
e 4994 1353 8
e 4995 1346 9
e 4995 1354 6
e 4996 1357 8
e 4996 1358 7
e 4997 1357 1
e 4997 1359 9
e 4998 1357 5
e 4998 1362 10
e 4999 1357 6
e 4999 398 9
e 5001 5000 9
e 5001 2620 1
e 5002 1365 4
e 5002 1366 10
e 5003 1365 6
e 5003 367 6
e 5004 1365 2
e 5004 1369 3
e 5005 1365 5
e 5005 1370 1
e 5006 1365 6
e 5006 1373 7
e 5007 1365 9
e 5007 1374 3
e 5008 1377 10
e 5008 1378 10
e 5009 1377 7
e 5009 1379 3
e 5010 1382 10
e 5010 634 2
e 5011 1382 5
e 5011 1383 6
e 5012 1386 1
e 5012 141 5
e 5013 1386 7
e 5013 249 2
e 5014 1389 8
e 5014 1390 4
e 5015 1389 6
e 5015 527 8
e 5016 1389 5
e 5016 1393 4
e 5017 1389 9
e 5017 1394 5
e 5018 1389 3
e 5018 1397 2
e 5019 1389 6
e 5019 1398 1
e 5020 1401 4
e 5020 1402 2
e 5021 1401 8
e 5021 1403 9
e 5022 1406 1
e 5022 1407 8
e 5023 1406 9
e 5023 888 3
e 5024 1406 4
e 5024 1410 6
e 5025 1406 8
e 5025 1411 9
e 5026 1414 5
e 5026 1415 6
e 5027 1414 3
e 5027 498 2
e 5028 1414 9
e 5028 1418 3
e 5029 1414 4
e 5029 502 1
e 5030 1421 8
e 5030 1422 7
e 5031 1421 9
e 5031 1423 2
e 5032 1421 1
e 5032 697 5
e 5033 1421 1
e 5033 1426 10
e 5034 1429 2
e 5034 321 6
e 5035 1429 8
e 5035 1430 1
e 5036 1429 2
e 5036 1433 9
e 5037 1429 5
e 5037 1434 1
e 5038 1437 10
e 5038 1438 5
e 5039 1437 4
e 5039 1263 6
e 5040 1437 4
e 5040 1441 4
e 5041 1437 5
e 5041 1442 5
e 5042 1437 9
e 5042 1445 6
e 5043 1437 8
e 5043 1267 2
e 5044 1437 5
e 5044 732 3
e 5045 1437 3
e 5045 736 5
e 5046 1450 2
e 5046 1451 1
e 5047 1450 10
e 5047 1452 9
e 5048 1455 9
e 5048 1456 2
e 5049 1455 4
e 5049 988 9
e 5050 1455 6
e 5050 1459 9
e 5051 1455 6
e 5051 1460 5
e 5052 1463 3
e 5052 1464 5
e 5053 1463 10
e 5053 1465 4
e 5054 1468 3
e 5054 1140 2
e 5055 1468 5
e 5055 1469 10
e 5056 1472 6
e 5056 437 9
e 5057 1472 8
e 5057 776 1
e 5058 1472 3
e 5058 1475 1
e 5059 1472 8
e 5059 1476 1
e 5060 1479 2
e 5060 312 7
e 5061 1479 1
e 5061 1480 2
e 5062 1479 7
e 5062 316 7
e 5063 1479 3
e 5063 1483 10
e 5064 1486 10
e 5064 1487 8
e 5065 1486 10
e 5065 1488 6
e 5066 1491 5
e 5066 1492 6
e 5067 1491 4
e 5067 837 9
e 5068 1495 2
e 5068 490 8
e 5069 1495 10
e 5069 1496 3
e 5070 1499 2
e 5070 1500 8
e 5071 1499 2
e 5071 1501 8
e 5072 1499 5
e 5072 1504 8
e 5073 1499 8
e 5073 876 4
e 5074 1499 4
e 5074 1507 3
e 5075 1499 10
e 5075 1508 5
e 5076 1499 6
e 5076 1511 7
e 5077 1499 3
e 5077 1512 6
e 5078 1515 6
e 5078 1516 8
e 5079 1515 8
e 5079 442 1
e 5081 5080 2
e 5081 2727 8
e 5083 5082 2
e 5083 2707 6
e 5084 1519 8
e 5084 1520 8
e 5085 1519 3
e 5085 1521 5
e 5087 5086 6
e 5087 2617 10
e 5088 1524 10
e 5088 802 3
e 5089 1524 9
e 5089 1525 2
e 5090 1528 7
e 5090 1529 2
e 5091 1528 6
e 5091 1294 9
e 5092 1532 2
e 5092 1533 5
e 5093 1532 9
e 5093 1537 8
e 5094 1532 7
e 5094 1538 10
e 5095 1532 7
e 5095 1534 4
e 5096 1532 10
e 5096 1541 4
e 5097 1532 9
e 5097 1542 3
e 5098 1532 8
e 5098 1545 7
e 5099 1532 2
e 5099 1546 6
e 5100 1549 4
e 5100 1550 10
e 5101 1549 7
e 5101 933 7
e 5103 5102 10
e 5103 4308 6
e 5104 1553 9
e 5104 1554 4
e 5105 1553 3
e 5105 1555 2
e 5106 1553 10
e 5106 1558 8
e 5107 1553 2
e 5107 162 10
e 5108 1553 10
e 5108 1561 8
e 5109 1553 6
e 5109 166 9
e 5110 1564 2
e 5110 1565 8
e 5111 1564 3
e 5111 1566 5
e 5112 1564 7
e 5112 1569 2
e 5113 1564 10
e 5113 1570 2
e 5114 1564 10
e 5114 1573 7
e 5115 1564 6
e 5115 1537 8
e 5116 1564 1
e 5116 418 2
e 5117 1564 4
e 5117 1545 3
e 5118 1564 10
e 5118 422 1
e 5119 1564 3
e 5119 1098 3
e 5120 1580 8
e 5120 1581 9
e 5121 1580 5
e 5121 1582 7
e 5122 1580 10
e 5122 1585 10
e 5123 1580 8
e 5123 1586 4
e 5124 1580 4
e 5124 1589 6
e 5125 1580 5
e 5125 1590 10
e 5126 1593 5
e 5126 495 7
e 5127 1593 6
e 5127 1110 2
e 5128 1593 10
e 5128 409 1
e 5129 1593 10
e 5129 1596 9
e 5130 1593 7
e 5130 413 3
e 5131 1593 5
e 5131 1599 1
e 5132 1602 6
e 5132 1321 9
e 5133 1602 1
e 5133 1603 1
e 5134 1606 9
e 5134 1037 6
e 5135 1606 2
e 5135 1607 5
e 5136 1610 1
e 5136 1061 4
e 5137 1610 7
e 5137 1611 10
e 5138 1610 7
e 5138 1333 6
e 5139 1610 7
e 5139 1152 7
e 5140 1610 7
e 5140 87 7
e 5141 1610 9
e 5141 1616 4
e 5142 1619 3
e 5142 1620 8
e 5143 1619 3
e 5143 1621 4
e 5144 1624 9
e 5144 1625 7
e 5145 1624 6
e 5145 1626 7
e 5146 1624 3
e 5146 1629 5
e 5147 1624 3
e 5147 1630 3
e 5148 1633 1
e 5148 1634 2
e 5149 1633 1
e 5149 1390 3
e 5150 1633 8
e 5150 1394 7
e 5151 1633 3
e 5151 606 2
e 5152 1633 3
e 5152 1398 7
e 5153 1633 8
e 5153 1309 10
e 5154 1124 7
e 5154 127 10
e 5155 1124 3
e 5155 1009 8
e 5156 1124 9
e 5156 131 7
e 5157 1124 9
e 5157 1282 8
e 5158 1645 7
e 5158 1646 6
e 5159 1645 4
e 5159 1647 3
e 5160 1645 7
e 5160 1452 10
e 5161 1645 1
e 5161 1650 10
e 5162 1653 8
e 5162 1603 4
e 5163 1653 9
e 5163 1561 5
e 5164 1656 7
e 5164 984 9
e 5165 1656 10
e 5165 1657 6
e 5166 1660 1
e 5166 1661 1
e 5167 1660 10
e 5167 759 8
e 5168 1664 6
e 5168 250 2
e 5169 1664 10
e 5169 1665 8
e 5170 1664 2
e 5170 1668 3
e 5171 1664 9
e 5171 622 5
e 5172 1664 8
e 5172 1671 9
e 5173 1664 2
e 5173 290 9
e 5174 1664 10
e 5174 254 2
e 5175 1664 4
e 5175 1674 8
e 5176 1664 2
e 5176 1677 9
e 5177 1664 10
e 5177 893 5
e 5178 1680 10
e 5178 427 1
e 5179 1680 6
e 5179 480 9
e 5180 1680 1
e 5180 1683 8
e 5181 1680 8
e 5181 484 9
e 5182 1686 8
e 5182 1120 10
e 5183 1686 6
e 5183 1687 7
e 5184 1686 6
e 5184 1690 5
e 5185 1686 5
e 5185 1091 3
e 5186 1693 1
e 5186 1694 10
e 5187 1693 5
e 5187 1695 10
e 5188 1693 5
e 5188 109 1
e 5189 1693 8
e 5189 1445 10
e 5190 1693 3
e 5190 1700 10
e 5191 1693 1
e 5191 868 5
e 5192 1693 10
e 5192 1703 1
e 5193 1693 5
e 5193 1358 8
e 5194 1693 2
e 5194 1706 3
e 5195 1693 9
e 5195 1504 2
e 5196 1709 5
e 5196 1710 5
e 5197 1709 3
e 5197 1147 10
e 5198 1713 5
e 5198 1714 5
e 5199 1713 5
e 5199 1103 1
e 5200 1713 2
e 5200 1717 10
e 5201 1713 3
e 5201 1487 10
e 5202 1720 3
e 5202 1721 8
e 5203 1720 6
e 5203 60 3
e 5204 1720 5
e 5204 69 4
e 5205 1720 8
e 5205 1724 3
e 5206 1720 9
e 5206 73 1
e 5207 1720 6
e 5207 1727 2
e 5208 1730 3
e 5208 921 10
e 5209 1730 3
e 5209 346 8
e 5210 1730 7
e 5210 1733 7
e 5211 1730 4
e 5211 1734 8
e 5212 1737 3
e 5212 1738 4
e 5213 1737 10
e 5213 1739 6
e 5214 1742 1
e 5214 1743 5
e 5215 1742 2
e 5215 1744 1
e 5216 1742 3
e 5216 1747 8
e 5217 1742 7
e 5217 1433 8
e 5218 1742 5
e 5218 1750 8
e 5219 1742 9
e 5219 1751 4
e 5220 1754 7
e 5220 1758 7
e 5221 1754 8
e 5221 1759 5
e 5222 1754 3
e 5222 1755 9
e 5223 1754 7
e 5223 404 1
e 5224 1754 5
e 5224 1762 8
e 5225 1765 7
e 5225 477 6
e 5226 1765 9
e 5226 1581 1
e 5227 1768 2
e 5227 1148 9
e 5228 1768 6
e 5228 1769 7
e 5229 1772 10
e 5229 1773 5
e 5230 1772 6
e 5230 1634 5
e 5231 1772 5
e 5231 1776 2
e 5232 1772 5
e 5232 275 10
e 5233 1772 7
e 5233 1779 8
e 5234 1772 4
e 5234 983 10
e 5235 1782 4
e 5235 1783 9
e 5236 1782 6
e 5236 1125 3
e 5237 1786 6
e 5237 1787 9
e 5238 1786 1
e 5238 1788 1
e 5239 1786 2
e 5239 1791 1
e 5240 1786 7
e 5240 1792 2
e 5241 1795 9
e 5241 1001 2
e 5242 1795 8
e 5242 1796 6
e 5243 1799 4
e 5243 1800 5
e 5244 1799 5
e 5244 1801 4
e 5245 1804 1
e 5245 1805 1
e 5246 1804 10
e 5246 1806 2
e 5247 1804 1
e 5247 1809 10
e 5248 1804 4
e 5248 1810 10
e 5249 1813 2
e 5249 1814 2
e 5250 1813 2
e 5250 555 10
e 5251 1813 3
e 5251 1817 7
e 5252 1813 10
e 5252 1818 3
e 5253 1813 2
e 5253 1821 3
e 5254 1813 5
e 5254 1822 5
e 5255 1825 8
e 5255 1826 2
e 5256 1825 8
e 5256 1402 5
e 5257 1825 7
e 5257 1488 6
e 5258 1825 5
e 5258 1106 3
e 5259 1831 2
e 5259 1832 5
e 5260 1831 1
e 5260 1833 7
e 5261 1836 7
e 5261 1837 6
e 5262 1836 1
e 5262 1838 5
e 5263 1841 5
e 5263 619 3
e 5264 1841 8
e 5264 1842 2
e 5265 1841 8
e 5265 46 4
e 5266 1841 10
e 5266 1845 7
e 5267 1848 3
e 5267 1849 8
e 5268 1848 2
e 5268 467 3
e 5269 1848 9
e 5269 1852 7
e 5270 1848 4
e 5270 1853 10
e 5271 1856 2
e 5271 1211 8
e 5272 1856 5
e 5272 1857 2
e 5273 1856 1
e 5273 1796 2
e 5274 1856 2
e 5274 801 10
e 5275 1862 5
e 5275 1863 8
e 5276 1862 1
e 5276 1864 8
e 5277 1862 3
e 5277 1867 1
e 5278 1862 1
e 5278 1868 7
e 5279 1862 5
e 5279 1871 3
e 5280 1862 6
e 5280 1872 7
e 5281 1862 10
e 5281 299 1
e 5282 1862 9
e 5282 1875 8
e 5283 1878 8
e 5283 209 7
e 5284 1878 7
e 5284 1879 2
e 5285 1878 9
e 5285 213 4
e 5286 1878 1
e 5286 1882 7
e 5287 1885 8
e 5287 1886 2
e 5288 1885 10
e 5288 1887 9
e 5289 1890 6
e 5289 1891 6
e 5290 1890 5
e 5290 436 7
e 5291 1894 1
e 5291 1801 2
e 5292 1894 6
e 5292 1895 9
e 5293 1898 6
e 5293 1899 2
e 5294 1898 8
e 5294 602 5
e 5295 1898 4
e 5295 1902 3
e 5296 1898 9
e 5296 1903 1
e 5297 1898 7
e 5297 1906 4
e 5298 1898 5
e 5298 610 7
e 5299 1909 2
e 5299 1027 6
e 5300 1909 8
e 5300 1353 2
e 5301 1912 8
e 5301 1045 4
e 5302 1912 3
e 5302 1913 1
e 5303 1916 4
e 5303 1917 1
e 5304 1916 10
e 5304 1529 4
e 5305 1920 8
e 5305 1921 7
e 5306 1920 2
e 5306 1922 9
e 5307 1925 5
e 5307 811 8
e 5308 1925 9
e 5308 1926 8
e 5309 1929 1
e 5309 1930 1
e 5310 1929 6
e 5310 1931 1
e 5311 1934 6
e 5311 1206 1
e 5312 1934 7
e 5312 1935 2
e 5313 1934 4
e 5313 1938 9
e 5314 1934 8
e 5314 1184 9
e 5315 1941 3
e 5315 1942 10
e 5316 1941 4
e 5316 1943 2
e 5317 1941 1
e 5317 1946 3
e 5318 1941 8
e 5318 1947 1
e 5319 1950 8
e 5319 1935 10
e 5320 1950 1
e 5320 1565 4
e 5321 1950 3
e 5321 1953 1
e 5322 1950 3
e 5322 417 1
e 5323 1950 5
e 5323 1956 2
e 5324 1950 8
e 5324 421 10
e 5325 1959 3
e 5325 1960 10
e 5326 1959 2
e 5326 841 2
e 5327 1959 2
e 5327 1947 8
e 5328 1959 10
e 5328 1963 10
e 5329 1959 4
e 5329 1966 2
e 5330 1959 4
e 5330 6 7
e 5331 1959 6
e 5331 1969 7
e 5332 1959 6
e 5332 354 2
e 5333 1959 10
e 5333 1972 9
e 5334 1959 3
e 5334 1973 6
e 5335 1959 4
e 5335 1976 1
e 5336 1959 10
e 5336 1287 3
e 5337 1959 6
e 5337 1979 2
e 5338 1959 2
e 5338 1980 5
e 5339 1983 3
e 5339 1555 7
e 5340 1983 3
e 5340 1984 6
e 5341 1987 9
e 5341 1988 3
e 5342 1987 8
e 5342 1989 4
e 5343 1987 10
e 5343 1442 1
e 5344 1987 3
e 5344 1992 2
e 5345 1987 10
e 5345 1268 7
e 5346 1987 3
e 5346 1995 1
e 5347 1987 8
e 5347 1998 2
e 5348 1987 1
e 5348 1999 1
e 5349 1987 3
e 5349 2002 2
e 5350 1987 10
e 5350 2003 5
e 5351 1987 7
e 5351 2006 8
e 5352 1987 3
e 5352 2007 4
e 5353 1987 3
e 5353 2010 5
e 5354 1987 9
e 5354 2011 8
e 5355 2014 7
e 5355 1313 4
e 5356 2014 3
e 5356 2015 10
e 5357 2014 1
e 5357 2018 10
e 5358 2014 3
e 5358 2019 8
e 5359 2014 10
e 5359 2022 2
e 5360 2014 5
e 5360 2023 6
e 5361 2014 7
e 5361 2026 1
e 5362 2014 9
e 5362 2027 4
e 5363 2014 4
e 5363 2030 2
e 5364 2014 9
e 5364 2031 2
e 5365 11 10
e 5365 2034 6
e 5366 11 9
e 5366 2041 9
e 5367 11 4
e 5367 2042 8
e 5368 11 4
e 5368 1992 5
e 5369 11 1
e 5369 1128 4
e 5370 11 2
e 5370 2045 3
e 5371 11 8
e 5371 2035 8
e 5372 11 3
e 5372 2048 3
e 5373 11 1
e 5373 2049 1
e 5374 11 6
e 5374 28 5
e 5375 11 4
e 5375 2052 7
e 5376 2055 5
e 5376 1833 6
e 5377 2055 10
e 5377 2056 8
e 5378 2055 1
e 5378 2059 2
e 5379 2055 1
e 5379 1441 9
e 5380 2055 3
e 5380 2062 3
e 5381 2055 1
e 5381 108 8
e 5382 2055 9
e 5382 2065 2
e 5383 2055 2
e 5383 2066 4
e 5384 2055 8
e 5384 630 10
e 5385 2055 10
e 5385 2069 6
e 5386 2055 7
e 5386 2072 4
e 5387 2055 6
e 5387 2073 4
e 5388 2055 2
e 5388 538 6
e 5389 2055 4
e 5389 2076 2
e 5390 2079 4
e 5390 2080 7
e 5391 2079 4
e 5391 2081 7
e 5392 2084 4
e 5392 2085 2
e 5393 2084 8
e 5393 55 10
e 5394 2088 8
e 5394 2089 1
e 5395 2088 7
e 5395 2090 3
e 5396 2088 4
e 5396 1053 10
e 5397 2088 8
e 5397 1451 3
e 5398 2088 7
e 5398 1903 6
e 5399 2088 3
e 5399 2095 8
e 5400 2088 4
e 5400 2098 6
e 5401 2088 5
e 5401 1906 4
e 5402 2101 6
e 5402 2102 3
e 5403 2101 1
e 5403 212 10
e 5404 2105 1
e 5404 2106 5
e 5405 2105 3
e 5405 2 2
e 5406 2105 8
e 5406 1041 8
e 5407 2105 7
e 5407 2109 3
e 5408 2112 6
e 5408 1469 4
e 5409 2112 5
e 5409 2113 10
e 5410 2116 3
e 5410 1943 10
e 5411 2116 3
e 5411 2106 10
e 5412 2116 9
e 5412 2119 4
e 5413 2116 2
e 5413 1036 7
e 5414 2122 9
e 5414 2123 8
e 5415 2122 4
e 5415 2124 10
e 5416 2127 8
e 5416 789 8
e 5417 2127 5
e 5417 2128 1
e 5418 2127 7
e 5418 2131 4
e 5419 2127 4
e 5419 1930 6
e 5420 2134 7
e 5420 2135 10
e 5421 2134 4
e 5421 588 10
e 5422 2138 3
e 5422 1317 10
e 5423 2138 1
e 5423 2030 7
e 5424 2141 1
e 5424 2142 1
e 5425 2141 8
e 5425 2143 9
e 5426 2141 1
e 5426 2146 7
e 5427 2141 9
e 5427 2147 7
e 5428 2141 8
e 5428 2150 2
e 5429 2141 8
e 5429 2151 8
e 5430 2154 4
e 5430 2155 2
e 5431 2154 9
e 5431 204 1
e 5432 2154 7
e 5432 2158 4
e 5433 2154 3
e 5433 2018 6
e 5434 2154 5
e 5434 2161 4
e 5435 2154 2
e 5435 2022 1
e 5436 2164 8
e 5436 607 5
e 5437 2164 3
e 5437 1073 8
e 5438 2164 10
e 5438 614 10
e 5439 2164 1
e 5439 2167 8
e 5440 2170 8
e 5440 2171 3
e 5441 2170 7
e 5441 955 3
e 5442 2170 6
e 5442 2174 8
e 5443 2170 1
e 5443 854 2
e 5444 2170 7
e 5444 2177 6
e 5445 2170 9
e 5445 1569 1
e 5446 2170 5
e 5446 2180 7
e 5447 2170 5
e 5447 966 10
e 5448 2170 9
e 5448 1806 10
e 5449 2170 4
e 5449 126 2
e 5450 2170 10
e 5450 1810 6
e 5451 2170 1
e 5451 130 9
e 5452 2187 6
e 5452 513 1
e 5453 2187 2
e 5453 2188 7
e 5454 2187 6
e 5454 1887 8
e 5455 2187 10
e 5455 1837 1
e 5456 2187 6
e 5456 517 6
e 5457 2187 3
e 5457 2193 9
e 5458 2187 2
e 5458 2196 9
e 5459 2187 4
e 5459 2197 3
e 5460 2187 6
e 5460 2200 4
e 5461 2187 9
e 5461 2201 2
e 5462 2204 8
e 5462 2205 10
e 5463 2204 4
e 5463 1863 4
e 5464 2204 6
e 5464 2208 6
e 5465 2204 5
e 5465 2209 9
e 5466 2204 7
e 5466 2212 5
e 5467 2204 1
e 5467 906 2
e 5468 2215 6
e 5468 1695 6
e 5469 2215 8
e 5469 880 8
e 5470 2215 9
e 5470 2002 9
e 5471 2221 2
e 5471 2222 8
e 5472 2221 9
e 5472 2223 9
e 5473 2221 5
e 5473 2151 8
e 5474 2221 10
e 5474 171 6
e 5475 2228 2
e 5475 2229 4
e 5476 2228 8
e 5476 2059 2
e 5477 2228 2
e 5477 930 7
e 5478 2228 3
e 5478 2232 5
e 5479 2228 2
e 5479 2095 2
e 5480 2228 3
e 5480 2235 5
e 5481 2228 2
e 5481 2238 3
e 5482 2228 8
e 5482 2239 3
e 5483 2242 4
e 5483 2243 9
e 5484 2242 1
e 5484 2244 5
e 5485 2242 7
e 5485 2247 9
e 5486 2242 3
e 5486 2248 8
e 5487 2242 6
e 5487 2251 7
e 5488 2242 8
e 5488 2252 1
e 5489 2255 5
e 5489 2256 4
e 5490 2255 2
e 5490 2257 1
e 5491 2255 4
e 5491 2260 9
e 5492 2255 6
e 5492 2261 7
e 5493 2255 10
e 5493 83 6
e 5494 2255 6
e 5494 1700 8
e 5495 2255 10
e 5495 2266 9
e 5496 2255 9
e 5496 1366 8
e 5497 2269 8
e 5497 2270 5
e 5498 2269 10
e 5498 780 3
e 5499 2269 5
e 5499 2273 3
e 5500 2269 5
e 5500 2274 4
e 5501 2269 8
e 5501 2277 6
e 5502 2269 5
e 5502 2278 1
e 5503 2269 3
e 5503 546 6
e 5504 2269 5
e 5504 2281 8
e 5505 2284 3
e 5505 2285 10
e 5506 2284 3
e 5506 2286 9
e 5507 2289 5
e 5507 846 3
e 5508 2289 3
e 5508 2290 3
e 5509 2289 3
e 5509 850 4
e 5510 2289 2
e 5510 1026 1
e 5511 2295 6
e 5511 1739 10
e 5512 2295 3
e 5512 2296 8
e 5513 2299 5
e 5513 593 6
e 5514 2299 3
e 5514 1362 4
e 5515 2302 9
e 5515 2303 1
e 5516 2302 6
e 5516 1496 6
e 5517 2306 3
e 5517 2307 6
e 5518 2306 8
e 5518 1849 9
e 5519 2310 3
e 5519 2244 9
e 5520 2310 5
e 5520 2311 2
e 5521 2310 1
e 5521 2314 7
e 5522 2310 8
e 5522 2315 3
e 5523 2310 8
e 5523 2318 6
e 5524 2310 3
e 5524 1094 1
e 5525 2321 9
e 5525 1111 9
e 5526 2321 6
e 5526 663 5
e 5527 2321 8
e 5527 1596 5
e 5528 2321 10
e 5528 2324 3
e 5529 2321 10
e 5529 2327 8
e 5530 2321 6
e 5530 2328 2
e 5531 2331 8
e 5531 2332 1
e 5532 2331 3
e 5532 550 9
e 5533 2335 2
e 5533 2336 5
e 5534 2335 1
e 5534 2337 7
e 5535 2340 10
e 5535 2341 4
e 5536 2340 8
e 5536 2342 6
e 5537 2345 2
e 5537 2346 6
e 5538 2345 1
e 5538 1661 10
e 5539 2349 4
e 5539 598 10
e 5540 2349 9
e 5540 2350 4
e 5541 2349 5
e 5541 1476 4
e 5542 2349 1
e 5542 1316 2
e 5543 2355 9
e 5543 752 8
e 5544 2355 2
e 5544 36 9
e 5545 2358 7
e 5545 728 4
e 5546 2358 8
e 5546 190 6
e 5547 2358 10
e 5547 195 10
e 5548 2358 9
e 5548 2361 1
e 5549 2364 6
e 5549 2365 7
e 5550 2364 3
e 5550 2366 7
e 5551 2369 6
e 5551 2370 7
e 5552 2369 6
e 5552 1714 1
e 5553 2373 5
e 5553 1864 6
e 5554 2373 6
e 5554 2374 5
e 5555 2373 8
e 5555 2209 9
e 5556 2373 2
e 5556 2377 4
e 5557 2373 8
e 5557 907 7
e 5558 2373 8
e 5558 2380 5
e 5559 2383 3
e 5559 2384 7
e 5560 2383 7
e 5560 828 3
e 5561 2383 10
e 5561 2387 10
e 5562 2383 2
e 5562 832 3
e 5563 2390 4
e 5563 2391 5
e 5564 2390 8
e 5564 2392 9
e 5565 2390 6
e 5565 2395 2
e 5566 2390 10
e 5566 2396 7
e 5567 2399 2
e 5567 2400 1
e 5568 2399 7
e 5568 1329 5
e 5569 2399 7
e 5569 2403 3
e 5570 2399 9
e 5570 2404 8
e 5571 2399 10
e 5571 2407 3
e 5572 2399 4
e 5572 2408 3
e 5573 2411 7
e 5573 1201 5
e 5574 2411 9
e 5574 1040 8
e 5575 2414 1
e 5575 2415 5
e 5576 2414 10
e 5576 920 5
e 5577 2418 8
e 5577 1521 9
e 5578 2418 8
e 5578 2419 4
e 5579 2422 1
e 5579 2423 1
e 5580 2422 3
e 5580 270 5
e 5581 2426 5
e 5581 92 8
e 5582 2426 2
e 5582 641 5
e 5583 2426 7
e 5583 2396 3
e 5584 2426 8
e 5584 2429 4
e 5585 2426 1
e 5585 2432 2
e 5586 2426 5
e 5586 315 8
e 5587 2034 2
e 5587 2437 10
e 5588 2034 6
e 5588 2438 10
e 5589 2034 8
e 5589 2052 10
e 5590 2441 7
e 5590 2442 5
e 5591 2441 8
e 5591 859 2
e 5592 2445 6
e 5592 2446 9
e 5593 2445 10
e 5593 740 1
e 5594 2445 5
e 5594 2449 3
e 5595 2445 10
e 5595 2450 1
e 5597 5596 3
e 5597 1057 6
e 5599 5598 8
e 5599 3941 3
e 5600 2453 6
e 5600 2188 3
e 5601 2453 1
e 5601 234 5
e 5602 2453 6
e 5602 177 7
e 5603 2453 6
e 5603 2200 1
e 5604 2458 5
e 5604 2459 5
e 5605 2458 9
e 5605 2460 2
e 5606 2463 9
e 5606 2045 4
e 5607 2463 3
e 5607 2437 2
e 5608 2466 10
e 5608 2350 3
e 5609 2466 9
e 5609 788 6
e 5610 2469 6
e 5610 959 5
e 5611 2469 5
e 5611 2470 6
e 5612 2469 2
e 5612 2473 9
e 5613 2469 10
e 5613 2474 6
e 5614 2469 3
e 5614 2477 1
e 5615 2469 3
e 5615 658 9
e 5616 2469 5
e 5616 2480 6
e 5617 2469 8
e 5617 2481 7
e 5618 2484 6
e 5618 2485 3
e 5619 2484 2
e 5619 2432 4
e 5620 2488 3
e 5620 2489 9
e 5621 2488 4
e 5621 2490 4
e 5622 2493 9
e 5622 1157 10
e 5623 2493 9
e 5623 140 9
e 5624 2493 9
e 5624 2496 2
e 5625 2493 7
e 5625 144 8
e 5626 2493 2
e 5626 2499 2
e 5627 2493 3
e 5627 148 1
e 5628 2502 8
e 5628 1256 6
e 5629 2502 5
e 5629 320 6
e 5630 2505 3
e 5630 2506 8
e 5631 2505 10
e 5631 1013 9
e 5632 2505 6
e 5632 2509 3
e 5633 2505 5
e 5633 2260 1
e 5634 2512 2
e 5634 2143 4
e 5635 2512 3
e 5635 2513 3
e 5636 2512 4
e 5636 2147 5
e 5637 2512 3
e 5637 2516 4
e 5638 2512 3
e 5638 172 2
e 5639 2512 7
e 5639 2519 2
e 5640 2522 2
e 5640 2523 1
e 5641 2522 8
e 5641 2524 7
e 5642 2522 1
e 5642 2527 4
e 5643 2522 2
e 5643 181 1
e 5644 2522 9
e 5644 2201 10
e 5645 2522 1
e 5645 185 8
e 5646 2532 2
e 5646 2533 5
e 5647 2532 1
e 5647 2534 2
e 5648 2537 5
e 5648 2366 1
e 5649 2537 2
e 5649 412 2
e 5650 2540 10
e 5650 2541 4
e 5651 2540 10
e 5651 2542 4
e 5652 2540 3
e 5652 2545 6
e 5653 2540 1
e 5653 2546 2
e 5654 2540 3
e 5654 2549 5
e 5655 2540 10
e 5655 2449 6
e 5656 2552 6
e 5656 2553 3
e 5657 2552 9
e 5657 2554 10
e 5658 2557 4
e 5658 2558 9
e 5659 2557 10
e 5659 2559 2
e 5660 2557 2
e 5660 1370 10
e 5661 2557 1
e 5661 2562 9
e 5662 2565 4
e 5662 2566 4
e 5663 2565 5
e 5663 1156 3
e 5664 2565 9
e 5664 2569 1
e 5665 2565 2
e 5665 2570 4
e 5666 2565 9
e 5666 2573 8
e 5667 2565 6
e 5667 2574 10
e 5669 5668 3
e 5669 2771 8
e 5670 2577 2
e 5670 1762 3
e 5671 2577 6
e 5671 684 7
e 5672 2580 7
e 5672 679 4
e 5673 2580 9
e 5673 2581 4
e 5674 2584 7
e 5674 1264 2
e 5675 2584 6
e 5675 2585 2
e 5676 2588 8
e 5676 1512 2
e 5677 2588 9
e 5677 2589 3
e 5678 2592 8
e 5678 1611 6
e 5679 2592 5
e 5679 2593 9
e 5680 2592 1
e 5680 2596 2
e 5681 2592 6
e 5681 2597 8
e 5682 2592 2
e 5682 2600 7
e 5683 2592 5
e 5683 1852 8
e 5684 2603 10
e 5684 2604 5
e 5685 2603 8
e 5685 756 4
e 5686 2603 9
e 5686 2607 7
e 5687 2603 5
e 5687 2608 7
e 5688 2603 4
e 5688 1379 2
e 5689 2603 8
e 5689 1136 6
e 5690 2603 3
e 5690 2613 1
e 5691 2603 8
e 5691 2080 2
e 5692 2616 7
e 5692 2617 8
e 5693 2616 9
e 5693 1972 2
e 5694 2616 2
e 5694 2620 3
e 5695 2616 7
e 5695 2621 7
e 5696 2624 10
e 5696 1403 2
e 5697 2624 3
e 5697 2625 2
e 5698 2624 6
e 5698 2574 4
e 5699 2624 6
e 5699 1160 4
e 5700 2624 10
e 5700 1165 7
e 5701 2624 2
e 5701 2630 4
e 5702 2624 7
e 5702 1173 8
e 5703 2624 5
e 5703 2131 10
e 5704 2635 10
e 5704 2636 5
e 5705 2635 7
e 5705 2370 6
e 5706 2639 8
e 5706 2640 10
e 5707 2639 7
e 5707 1969 8
e 5708 2639 9
e 5708 2643 5
e 5709 2639 3
e 5709 1976 8
e 5710 2639 2
e 5710 2646 2
e 5711 2639 5
e 5711 1979 8
e 5712 2649 8
e 5712 2650 4
e 5713 2649 3
e 5713 2651 1
e 5714 2649 2
e 5714 2654 1
e 5715 2649 2
e 5715 2655 8
e 5716 2649 1
e 5716 2658 3
e 5717 2649 7
e 5717 1214 10
e 5718 2649 6
e 5718 2661 3
e 5719 2649 5
e 5719 2662 10
e 5720 2665 10
e 5720 2666 2
e 5721 2665 2
e 5721 2667 9
e 5722 2665 8
e 5722 2597 8
e 5723 2665 4
e 5723 2670 5
e 5724 2665 8
e 5724 1508 8
e 5725 2665 9
e 5725 2673 5
e 5726 2676 9
e 5726 2677 6
e 5727 2676 9
e 5727 2678 9
e 5728 2676 1
e 5728 1238 1
e 5729 2676 7
e 5729 2681 2
e 5730 2676 7
e 5730 2684 8
e 5731 2676 6
e 5731 2685 7
e 5732 2676 8
e 5732 1242 8
e 5733 2676 1
e 5733 2688 1
e 5734 2691 3
e 5734 2655 9
e 5735 2691 5
e 5735 2692 3
e 5736 2691 8
e 5736 2695 7
e 5737 2691 3
e 5737 2696 5
e 5738 2699 7
e 5738 2700 8
e 5739 2699 2
e 5739 1189 10
e 5740 2699 8
e 5740 2703 9
e 5741 2699 9
e 5741 2704 10
e 5742 2699 8
e 5742 2707 8
e 5743 2699 9
e 5743 1196 3
e 5744 2710 9
e 5744 1074 1
e 5745 2710 7
e 5745 533 5
e 5746 2710 8
e 5746 2167 10
e 5747 2710 7
e 5747 2713 10
e 5748 2716 6
e 5748 1337 5
e 5749 2716 6
e 5749 2600 1
e 5750 2719 1
e 5750 2128 10
e 5751 2719 1
e 5751 2720 3
e 5752 2723 6
e 5752 2724 6
e 5753 2723 10
e 5753 2473 1
e 5754 2723 6
e 5754 2727 7
e 5755 2723 2
e 5755 2728 7
e 5756 2731 6
e 5756 2732 6
e 5757 2731 7
e 5757 1867 6
e 5758 2731 1
e 5758 1788 4
e 5759 2731 4
e 5759 2208 4
e 5760 2731 5
e 5760 2737 10
e 5761 2731 2
e 5761 298 2
e 5762 2731 5
e 5762 1792 2
e 5763 2731 6
e 5763 2212 3
e 5764 2742 1
e 5764 2027 9
e 5765 2742 6
e 5765 2743 1
e 5766 2746 8
e 5766 2747 7
e 5767 2746 10
e 5767 2506 9
e 5768 2746 7
e 5768 623 5
e 5769 2746 1
e 5769 2229 8
e 5770 2746 10
e 5770 2752 1
e 5771 2746 6
e 5771 2509 7
e 5772 2755 10
e 5772 2756 7
e 5773 2755 6
e 5773 2757 10
e 5774 2755 2
e 5774 2760 8
e 5775 2755 2
e 5775 2459 4
e 5776 2755 6
e 5776 2763 8
e 5777 2755 9
e 5777 2764 6
e 5778 2755 3
e 5778 2011 10
e 5779 2755 5
e 5779 2767 6
e 5780 2770 7
e 5780 2771 4
e 5781 2770 8
e 5781 1966 2
e 5782 2770 9
e 5782 2774 4
e 5783 2770 5
e 5783 2775 5
e 5784 2778 1
e 5784 2779 5
e 5785 2778 10
e 5785 2780 7
e 5786 2783 4
e 5786 2784 10
e 5787 2783 2
e 5787 2785 10
e 5788 2788 2
e 5788 1724 10
e 5789 2788 6
e 5789 2789 5
e 5790 2792 2
e 5790 2015 10
e 5791 2792 9
e 5791 1554 8
e 5792 2792 7
e 5792 2023 4
e 5793 2792 6
e 5793 2177 2
e 5794 2797 5
e 5794 334 9
e 5795 2797 5
e 5795 2798 7
e 5796 2797 9
e 5796 41 6
e 5797 2797 4
e 5797 2801 7
e 5798 2804 7
e 5798 898 5
e 5799 2804 10
e 5799 1305 9
e 5800 2807 8
e 5800 2419 9
e 5801 2807 3
e 5801 2654 1
e 5802 2807 9
e 5802 2315 3
e 5803 2807 10
e 5803 2695 8
e 5804 2807 4
e 5804 2812 8
e 5805 2807 5
e 5805 2661 9
e 5806 2815 10
e 5806 2816 7
e 5807 2815 10
e 5807 2684 1
e 5808 2819 9
e 5808 308 4
e 5809 2819 6
e 5809 2820 8
e 5810 2823 3
e 5810 2824 4
e 5811 2823 3
e 5811 2825 5
e 5812 2828 7
e 5812 2829 7
e 5813 2828 6
e 5813 307 2
e 5814 2832 4
e 5814 1599 7
e 5815 2832 5
e 5815 2327 5
e 5816 2835 3
e 5816 2836 5
e 5817 2835 10
e 5817 2142 4
e 5818 2835 7
e 5818 2839 4
e 5819 2835 2
e 5819 2146 3
e 5820 2835 4
e 5820 2842 1
e 5821 2835 4
e 5821 2150 5
e 5822 2845 8
e 5822 2846 8
e 5823 2845 9
e 5823 91 7
e 5824 2845 7
e 5824 2849 1
e 5825 2845 4
e 5825 1946 3
e 5826 2845 5
e 5826 2608 3
e 5827 2845 1
e 5827 64 5
e 5828 2845 5
e 5828 707 9
e 5829 2845 3
e 5829 95 1
e 5830 2845 8
e 5830 711 1
e 5831 2845 1
e 5831 99 2
e 5832 2858 6
e 5832 1354 10
e 5833 2858 5
e 5833 2859 2
e 5834 2862 7
e 5834 912 6
e 5835 2862 2
e 5835 751 7
e 5836 2862 3
e 5836 916 4
e 5837 2862 2
e 5837 40 10
e 5838 2867 9
e 5838 1430 2
e 5839 2867 9
e 5839 1573 10
e 5840 2867 9
e 5840 2870 5
e 5841 2867 8
e 5841 2871 2
e 5842 2867 4
e 5842 1032 10
e 5843 2867 2
e 5843 1953 6
e 5844 2867 6
e 5844 2342 10
e 5845 2867 7
e 5845 2876 4
e 5846 2879 7
e 5846 2257 4
e 5847 2879 3
e 5847 701 2
e 5848 2879 3
e 5848 2261 4
e 5849 2879 5
e 5849 2882 8
e 5850 2879 7
e 5850 2069 5
e 5851 2879 10
e 5851 879 1
e 5852 2879 8
e 5852 2887 9
e 5853 2879 6
e 5853 1507 2
e 5854 2890 6
e 5854 1744 9
e 5855 2890 7
e 5855 2891 8
e 5856 2894 4
e 5856 2895 5
e 5857 2894 3
e 5857 2896 6
e 5858 683 8
e 5858 2311 6
e 5859 683 5
e 5859 1168 1
e 5860 683 10
e 5860 560 1
e 5861 683 1
e 5861 2901 4
e 5862 2904 5
e 5862 2905 9
e 5863 2904 7
e 5863 2906 5
e 5864 2909 6
e 5864 2910 2
e 5865 2909 9
e 5865 573 4
e 5866 2909 8
e 5866 2913 7
e 5867 2909 1
e 5867 2247 7
e 5868 2909 5
e 5868 2916 5
e 5869 2909 2
e 5869 2917 4
e 5870 2920 5
e 5870 2917 4
e 5871 2920 3
e 5871 2251 8
e 5872 2920 6
e 5872 2109 7
e 5873 2920 1
e 5873 2923 5
e 5874 2926 2
e 5874 2927 8
e 5875 2926 8
e 5875 2928 7
e 5876 2926 6
e 5876 2931 7
e 5877 2926 2
e 5877 2932 3
e 5878 2935 5
e 5878 579 9
e 5879 2935 2
e 5879 2936 6
e 5880 2939 7
e 5880 1325 10
e 5881 2939 9
e 5881 253 6
e 5882 2942 8
e 5882 2775 1
e 5883 2942 1
e 5883 2829 3
e 5884 2945 8
e 5884 2678 3
e 5885 2945 1
e 5885 2946 7
e 5886 2945 4
e 5886 2949 5
e 5887 2945 6
e 5887 2950 10
e 5888 2945 2
e 5888 2953 2
e 5889 2945 3
e 5889 2954 4
e 5890 2957 9
e 5890 154 3
e 5891 2957 10
e 5891 2958 7
e 5892 2961 6
e 5892 1480 8
e 5893 2961 8
e 5893 2962 3
e 5894 2965 5
e 5894 2559 3
e 5895 2965 10
e 5895 2966 6
e 5896 2969 5
e 5896 2408 4
e 5897 2969 2
e 5897 121 7
e 5898 2969 6
e 5898 2972 3
e 5899 2969 7
e 5899 1783 7
e 5901 2975 10
e 5901 5900 4
e 5902 2975 1
e 5902 2976 1
e 5903 2975 9
e 5903 2026 10
e 5904 2979 4
e 5904 2980 2
e 5905 2979 8
e 5905 2981 4
e 5906 2984 5
e 5906 1460 3
e 5907 2984 1
e 5907 995 7
e 5908 2987 10
e 5908 2988 7
e 5909 2987 10
e 5909 2989 5
e 5910 2987 3
e 5910 2992 2
e 5911 2987 6
e 5911 2993 3
e 5912 2987 10
e 5912 2996 2
e 5913 2987 1
e 5913 2997 9
e 5914 3000 7
e 5914 741 8
e 5915 3000 8
e 5915 3001 2
e 5916 3004 4
e 5916 2946 4
e 5917 3004 4
e 5917 3005 5
e 5918 3004 5
e 5918 2950 8
e 5919 3004 7
e 5919 1225 3
e 5920 3010 7
e 5920 78 4
e 5921 3010 10
e 5921 1585 4
e 5922 3010 5
e 5922 584 4
e 5923 3010 7
e 5923 1589 3
e 5924 3015 7
e 5924 1190 3
e 5925 3015 1
e 5925 2910 5
e 5926 3015 5
e 5926 3018 4
e 5927 3015 10
e 5927 2913 8
e 5928 3015 4
e 5928 1197 6
e 5929 3015 10
e 5929 2916 8
e 5930 3023 2
e 5930 664 1
e 5931 3023 8
e 5931 512 3
e 5932 3023 6
e 5932 2470 7
e 5933 3023 4
e 5933 3026 7
e 5934 3023 7
e 5934 3029 10
e 5935 3023 5
e 5935 3030 2
e 5936 3023 2
e 5936 2324 9
e 5937 3023 1
e 5937 667 1
e 5938 3023 6
e 5938 3035 4
e 5939 3023 8
e 5939 670 6
e 5940 3023 10
e 5940 3038 10
e 5941 3023 1
e 5941 2480 1
e 5942 3041 5
e 5942 325 9
e 5943 3041 10
e 5943 1456 7
e 5944 3041 5
e 5944 2798 7
e 5945 3041 6
e 5945 978 3
e 5946 3041 9
e 5946 3046 1
e 5947 3041 10
e 5947 388 3
e 5948 3049 5
e 5948 3050 3
e 5949 3049 9
e 5949 380 8
e 5950 3049 6
e 5950 1226 8
e 5951 3049 3
e 5951 1747 2
e 5952 3049 6
e 5952 1230 9
e 5953 3049 7
e 5953 2341 3
e 5954 3057 5
e 5954 3058 2
e 5955 3057 6
e 5955 1078 1
e 5956 3057 3
e 5956 1082 8
e 5957 3057 5
e 5957 471 6
e 5958 3057 7
e 5958 1085 5
e 5959 3057 5
e 5959 3063 10
e 5960 3066 5
e 5960 2554 9
e 5961 3066 6
e 5961 771 7
e 5962 3069 3
e 5962 745 6
e 5963 3069 8
e 5963 3070 3
e 5964 3069 9
e 5964 226 8
e 5965 3069 1
e 5965 3073 4
e 5966 3069 3
e 5966 230 1
e 5967 3069 4
e 5967 2085 3
e 5968 3078 1
e 5968 3079 8
e 5969 3078 5
e 5969 15 3
e 5970 3078 8
e 5970 2764 7
e 5971 3078 2
e 5971 19 8
e 5972 3078 1
e 5972 3084 8
e 5973 3078 6
e 5973 3085 9
e 5974 3088 8
e 5974 2720 8
e 5975 3088 8
e 5975 3089 2
e 5976 3088 3
e 5976 3092 2
e 5977 3088 6
e 5977 2180 2
e 5978 3095 4
e 5978 3096 5
e 5979 3095 3
e 5979 3097 3
e 5980 3095 9
e 5980 2692 5
e 5981 3095 10
e 5981 3100 10
e 5982 3095 4
e 5982 3103 10
e 5983 3095 1
e 5983 578 9
e 5984 3095 10
e 5984 2662 3
e 5985 3095 7
e 5985 2737 2
e 5986 3108 4
e 5986 2958 8
e 5987 3108 2
e 5987 1464 6
e 5988 3111 1
e 5988 3097 5
e 5989 3111 2
e 5989 2205 7
e 5990 3111 6
e 5990 3026 10
e 5991 3111 2
e 5991 1668 6
e 5992 3111 3
e 5992 3030 1
e 5993 3111 2
e 5993 1671 8
e 5994 3111 8
e 5994 967 8
e 5995 3111 5
e 5995 3118 10
e 5996 3111 1
e 5996 2936 6
e 5997 3111 1
e 5997 1787 10
e 5998 3111 8
e 5998 3123 6
e 5999 3111 10
e 5999 1791 3
e 6000 3126 4
e 6000 61 1
e 6001 3126 5
e 6001 1234 6
e 6002 3129 1
e 6002 2007 2
e 6003 3129 9
e 6003 3130 10
e 6004 3133 7
e 6004 3134 2
e 6005 3133 7
e 6005 3135 5
e 6006 3138 3
e 6006 2438 4
e 6007 3138 7
e 6007 3139 2
e 6008 3138 1
e 6008 3142 4
e 6009 3138 3
e 6009 2927 7
e 6010 3145 7
e 6010 503 5
e 6011 3145 3
e 6011 2365 2
e 6012 3148 5
e 6012 2825 8
e 6013 3148 7
e 6013 1773 5
e 6014 3148 10
e 6014 3151 3
e 6015 3148 6
e 6015 1776 2
e 6016 3148 6
e 6016 2337 9
e 6017 3148 4
e 6017 1779 8
e 6018 3156 8
e 6018 3157 7
e 6019 3156 8
e 6019 1438 5
e 6020 3156 10
e 6020 3160 10
e 6021 3156 7
e 6021 872 2
e 6022 3156 7
e 6022 2235 6
e 6023 3156 10
e 6023 3163 3
e 6024 3156 7
e 6024 1586 7
e 6025 3156 2
e 6025 1177 1
e 6026 3156 9
e 6026 938 6
e 6027 3156 8
e 6027 2423 4
e 6028 3156 3
e 6028 1590 8
e 6029 3156 9
e 6029 1710 9
e 6030 3172 2
e 6030 508 5
e 6031 3172 8
e 6031 3173 7
e 6032 3172 2
e 6032 3176 8
e 6033 3172 5
e 6033 3177 3
e 6034 3172 3
e 6034 2685 5
e 6035 3172 4
e 6035 2953 9
e 6036 3182 7
e 6036 3183 5
e 6037 3182 10
e 6037 1298 1
e 6038 3182 9
e 6038 3186 2
e 6039 3182 1
e 6039 3187 9
e 6040 3190 2
e 6040 295 9
e 6041 3190 7
e 6041 3191 7
e 6042 3194 2
e 6042 1137 8
e 6043 3194 10
e 6043 199 5
e 6044 3194 6
e 6044 3197 5
e 6045 3194 10
e 6045 3198 2
e 6046 3194 9
e 6046 3201 1
e 6047 3194 2
e 6047 2816 8
e 6048 3204 3
e 6048 381 3
e 6049 3204 7
e 6049 3205 1
e 6050 3204 2
e 6050 2871 7
e 6051 3204 5
e 6051 3208 6
e 6052 3204 10
e 6052 1879 8
e 6053 3204 8
e 6053 3151 10
e 6054 3204 5
e 6054 2876 6
e 6055 3204 3
e 6055 3213 4
e 6056 3216 3
e 6056 3205 2
e 6057 3216 10
e 6057 1899 5
e 6058 3216 2
e 6058 659 7
e 6059 3216 9
e 6059 3219 1
e 6060 3222 1
e 6060 934 7
e 6061 3222 2
e 6061 2135 1
e 6062 3222 3
e 6062 1132 8
e 6063 3222 8
e 6063 592 7
e 6064 3227 10
e 6064 1259 8
e 6065 3227 5
e 6065 1172 10
e 6066 3230 10
e 6066 2767 6
e 6067 3230 7
e 6067 3231 5
e 6068 3234 2
e 6068 902 3
e 6069 3234 3
e 6069 1809 1
e 6070 3237 4
e 6070 3238 2
e 6071 3237 1
e 6071 265 4
e 6072 3241 1
e 6072 3242 4
e 6073 3241 8
e 6073 3243 3
e 6074 3241 4
e 6074 2049 7
e 6075 3241 9
e 6075 3142 4
e 6076 3241 2
e 6076 1895 5
e 6077 3241 8
e 6077 2931 3
e 6078 3250 8
e 6078 2667 7
e 6079 3250 1
e 6079 3251 2
e 6080 3250 3
e 6080 3254 3
e 6081 3250 8
e 6081 3255 8
e 6082 3250 8
e 6082 3258 1
e 6083 3250 8
e 6083 244 10
e 6084 3250 4
e 6084 3261 4
e 6085 3250 5
e 6085 3262 10
e 6086 3265 7
e 6086 2630 1
e 6087 3265 6
e 6087 2415 1
e 6088 3268 2
e 6088 1079 7
e 6089 3268 7
e 6089 2604 8
e 6090 3268 10
e 6090 3271 10
e 6091 3268 9
e 6091 2607 5
e 6092 3268 1
e 6092 468 8
e 6093 3268 7
e 6093 1378 8
e 6094 3268 9
e 6094 2124 10
e 6095 3268 10
e 6095 1516 8
e 6096 3268 4
e 6096 472 1
e 6097 3268 9
e 6097 3278 1
e 6098 3281 7
e 6098 3282 10
e 6099 3281 6
e 6099 925 9
e 6100 3281 2
e 6100 3285 5
e 6101 3281 7
e 6101 1550 8
e 6102 3281 2
e 6102 3288 8
e 6103 3281 10
e 6103 941 6
e 6104 3291 8
e 6104 889 7
e 6105 3291 1
e 6105 3292 3
e 6107 6106 5
e 6107 4122 4
e 6108 3295 8
e 6108 3296 6
e 6109 3295 8
e 6109 3297 4
e 6110 3300 9
e 6110 2281 4
e 6111 3300 10
e 6111 2972 6
e 6112 3303 10
e 6112 1299 8
e 6113 3303 3
e 6113 911 5
e 6114 3303 7
e 6114 3187 7
e 6115 3303 6
e 6115 1005 8
e 6116 3308 3
e 6116 3309 10
e 6117 3308 4
e 6117 3310 5
e 6118 3308 2
e 6118 3313 8
e 6119 3308 3
e 6119 1520 3
e 6120 3316 4
e 6120 1278 3
e 6121 3316 10
e 6121 2123 8
e 6122 3319 2
e 6122 2081 7
e 6123 3319 8
e 6123 1422 5
e 6124 3319 4
e 6124 2113 4
e 6125 3319 9
e 6125 696 1
e 6126 3324 1
e 6126 3325 6
e 6127 3324 5
e 6127 3326 6
e 6128 3324 3
e 6128 3329 3
e 6129 3324 9
e 6129 3330 1
e 6130 3333 2
e 6130 3100 6
e 6131 3333 7
e 6131 2732 2
e 6132 3333 10
e 6132 3336 4
e 6133 3333 2
e 6133 3123 9
e 6134 3333 4
e 6134 2728 8
e 6135 3333 5
e 6135 3038 6
e 6136 3341 6
e 6136 2651 1
e 6137 3341 9
e 6137 1210 5
e 6138 3341 3
e 6138 1926 9
e 6139 3341 10
e 6139 2658 2
e 6140 3341 1
e 6140 3346 8
e 6141 3341 8
e 6141 1217 2
e 6142 3349 2
e 6142 2542 10
e 6143 3349 10
e 6143 3350 2
e 6144 3349 9
e 6144 3353 1
e 6145 3349 9
e 6145 2545 2
e 6146 3356 3
e 6146 2625 2
e 6147 3356 4
e 6147 2650 6
e 6148 3356 3
e 6148 815 5
e 6149 3356 8
e 6149 3346 9
e 6150 3361 8
e 6150 3362 2
e 6151 3361 3
e 6151 3363 6
e 6152 3361 6
e 6152 2562 3
e 6153 3361 2
e 6153 706 4
e 6154 3368 8
e 6154 2090 7
e 6155 3368 1
e 6155 1832 4
e 6156 3371 8
e 6156 3372 6
e 6157 3371 5
e 6157 1988 9
e 6158 3375 3
e 6158 3376 2
e 6159 3375 5
e 6159 2155 6
e 6160 3375 7
e 6160 3379 6
e 6161 3375 4
e 6161 384 3
e 6162 3375 9
e 6162 3382 7
e 6163 3375 4
e 6163 2102 3
e 6164 3385 7
e 6164 2066 7
e 6165 3385 7
e 6165 1407 8
e 6166 3385 9
e 6166 3388 6
e 6167 3385 1
e 6167 1534 8
e 6168 3385 3
e 6168 3163 1
e 6169 3385 9
e 6169 2763 2
e 6170 3385 2
e 6170 3326 6
e 6171 3385 6
e 6171 2072 7
e 6172 3385 3
e 6172 2076 7
e 6173 3385 1
e 6173 2010 7
e 6174 3397 1
e 6174 3398 3
e 6175 3397 10
e 6175 3399 1
e 6176 3402 9
e 6176 1423 5
e 6177 3402 7
e 6177 3176 7
e 6178 3405 9
e 6178 447 5
e 6179 3405 6
e 6179 3406 6
e 6180 3405 1
e 6180 3409 5
e 6181 3405 9
e 6181 2569 10
e 6182 3405 3
e 6182 781 7
e 6183 3405 8
e 6183 1250 4
e 6184 3405 9
e 6184 2392 10
e 6185 3405 10
e 6185 1743 8
e 6186 3405 6
e 6186 948 7
e 6187 3405 4
e 6187 1805 5
e 6188 3405 2
e 6188 2962 1
e 6189 3405 9
e 6189 1750 6
e 6190 2216 7
e 6190 1359 3
e 6191 2216 9
e 6191 1621 9
e 6192 2216 5
e 6192 1069 4
e 6193 3428 2
e 6193 2003 9
e 6194 3428 9
e 6194 3429 5
e 6195 3432 9
e 6195 3433 6
e 6196 3432 3
e 6196 597 1
e 6197 3436 1
e 6197 1674 9
e 6198 3436 10
e 6198 3437 5
e 6199 3436 4
e 6199 331 5
e 6200 3436 7
e 6200 3440 9
e 6201 3436 2
e 6201 864 1
e 6202 3436 6
e 6202 1677 5
e 6203 3436 9
e 6203 337 6
e 6204 3436 2
e 6204 3445 1
e 6205 3448 2
e 6205 2981 8
e 6206 3448 5
e 6206 2384 10
e 6207 3448 1
e 6207 3451 8
e 6208 3448 6
e 6208 2387 4
e 6209 3454 10
e 6209 2589 10
e 6210 3454 9
e 6210 3455 10
e 6211 3458 4
e 6211 1759 6
e 6212 3458 5
e 6212 2041 5
e 6213 3458 10
e 6213 715 3
e 6214 3458 7
e 6214 3461 9
e 6215 3458 4
e 6215 2361 2
e 6216 3458 6
e 6216 3464 9
e 6217 3467 10
e 6217 113 4
e 6218 3467 6
e 6218 3468 8
e 6219 3471 2
e 6219 347 3
e 6220 3471 7
e 6220 1738 7
e 6221 3474 2
e 6221 460 2
e 6222 3474 1
e 6222 3475 7
e 6223 3478 3
e 6223 1857 8
e 6224 3478 4
e 6224 3096 8
e 6225 3478 2
e 6225 3481 6
e 6226 3478 9
e 6226 3103 7
e 6227 3478 10
e 6227 1525 9
e 6228 3478 9
e 6228 3336 7
e 6229 3486 5
e 6229 2513 10
e 6230 3486 8
e 6230 1826 7
e 6231 3486 8
e 6231 2223 8
e 6232 3486 7
e 6232 3489 3
e 6233 3486 3
e 6233 2516 9
e 6234 3486 3
e 6234 3492 8
e 6235 3486 8
e 6235 3231 3
e 6236 3486 9
e 6236 2646 9
e 6237 3486 2
e 6237 2519 4
e 6238 3486 8
e 6238 3497 8
e 6239 3500 1
e 6239 884 3
e 6240 3500 9
e 6240 727 6
e 6241 3500 2
e 6241 1769 10
e 6242 3500 7
e 6242 731 2
e 6243 3420 2
e 6243 1359 6
e 6244 3420 10
e 6244 20 5
e 6245 3420 1
e 6245 2035 9
e 6246 3420 3
e 6246 3085 2
e 6247 3420 6
e 6247 27 5
e 6248 3509 6
e 6248 350 5
e 6249 3509 5
e 6249 974 8
e 6250 3509 1
e 6250 3440 3
e 6251 3509 3
e 6251 1871 10
e 6252 3509 7
e 6252 3445 1
e 6253 3509 5
e 6253 1336 5
e 6254 3516 4
e 6254 205 3
e 6255 3516 8
e 6255 2824 1
e 6256 3516 2
e 6256 1882 9
e 6257 3516 6
e 6257 2336 2
e 6258 3521 1
e 6258 96 7
e 6259 3521 8
e 6259 3522 10
e 6260 3521 5
e 6260 100 10
e 6261 3521 8
e 6261 3525 6
e 6262 3528 7
e 6262 3529 8
e 6263 3528 10
e 6263 618 3
e 6264 3528 3
e 6264 2546 9
e 6265 3528 8
e 6265 633 8
e 6266 3528 8
e 6266 2450 3
e 6267 3528 6
e 6267 637 2
e 6268 3536 10
e 6268 3537 10
e 6269 3536 7
e 6269 1620 7
e 6270 3540 4
e 6270 2534 7
e 6271 3540 6
e 6271 1706 9
e 6272 3543 1
e 6272 3544 8
e 6273 3543 5
e 6273 3545 2
e 6274 3543 3
e 6274 2481 1
e 6275 3543 10
e 6275 2238 5
e 6276 3550 9
e 6276 556 2
e 6277 3550 9
e 6277 2566 2
e 6278 3553 4
e 6278 1616 10
e 6279 3553 9
e 6279 678 10
e 6280 3556 1
e 6280 3557 10
e 6281 3556 9
e 6281 1646 4
e 6282 3556 8
e 6282 3560 9
e 6283 3556 1
e 6283 2403 2
e 6284 3563 9
e 6284 276 3
e 6285 3563 1
e 6285 1393 5
e 6286 3563 4
e 6286 1657 4
e 6287 3563 10
e 6287 1397 8
e 6288 3568 2
e 6288 3569 9
e 6289 3568 10
e 6289 3157 6
e 6290 3572 7
e 6290 1347 10
e 6291 3572 1
e 6291 494 8
e 6292 3572 1
e 6292 1350 6
e 6293 3572 7
e 6293 1415 3
e 6294 3572 7
e 6294 2859 1
e 6295 3572 9
e 6295 1418 6
e 6296 3579 7
e 6296 3139 5
e 6297 3579 2
e 6297 1921 2
e 6298 3579 2
e 6298 2704 9
e 6299 3579 3
e 6299 3018 5
e 6300 3584 3
e 6300 2524 3
e 6301 3584 5
e 6301 3585 2
e 6302 3588 3
e 6302 481 5
e 6303 3588 7
e 6303 3589 3
e 6304 3588 1
e 6304 485 10
e 6305 3588 6
e 6305 583 3
e 6306 3594 1
e 6306 3595 1
e 6307 3594 5
e 6307 3596 7
e 6308 3594 2
e 6308 56 6
e 6309 3594 3
e 6309 3599 7
e 6310 3602 6
e 6310 3603 5
e 6311 3602 7
e 6311 3134 2
e 6312 3606 1
e 6312 2989 4
e 6313 3606 4
e 6313 3607 10
e 6314 3606 10
e 6314 3610 4
e 6315 3606 8
e 6315 3409 9
e 6316 3606 9
e 6316 3613 7
e 6317 3606 2
e 6317 2270 5
e 6318 3606 1
e 6318 3173 6
e 6319 3606 8
e 6319 3616 9
e 6320 3606 7
e 6320 3619 2
e 6321 3606 8
e 6321 2895 1
e 6322 3606 7
e 6322 3622 4
e 6323 3606 1
e 6323 280 5
e 6324 3625 9
e 6324 3626 10
e 6325 3625 2
e 6325 3627 4
e 6326 3630 9
e 6326 3005 3
e 6327 3630 5
e 6327 3631 10
e 6328 3630 7
e 6328 2274 8
e 6329 3630 2
e 6329 1625 9
e 6330 3636 4
e 6330 1295 3
e 6331 3636 6
e 6331 32 9
e 6332 3636 3
e 6332 2019 4
e 6333 3636 9
e 6333 2174 7
e 6334 3636 9
e 6334 1161 8
e 6335 3636 1
e 6335 3029 1
e 6336 3643 8
e 6336 1247 10
e 6337 3643 5
e 6337 1205 3
e 6338 3643 1
e 6338 281 1
e 6339 3643 8
e 6339 1031 5
e 6340 3643 10
e 6340 342 5
e 6341 3643 7
e 6341 1938 6
e 6342 3650 4
e 6342 1665 10
e 6343 3650 9
e 6343 2747 5
e 6344 3650 1
e 6344 626 3
e 6345 3650 9
e 6345 2752 10
e 6346 3650 2
e 6346 1913 5
e 6347 3650 2
e 6347 431 7
e 6348 3650 2
e 6348 3657 3
e 6349 3650 9
e 6349 2307 5
e 6350 3650 7
e 6350 3660 4
e 6351 3650 10
e 6351 3603 9
e 6352 3425 6
e 6352 3663 6
e 6353 3425 5
e 6353 3537 8
e 6354 3666 5
e 6354 159 4
e 6355 3666 6
e 6355 3667 6
e 6356 3666 4
e 6356 1570 8
e 6357 3666 10
e 6357 962 6
e 6358 3666 1
e 6358 1931 3
e 6359 3666 1
e 6359 294 10
e 6360 3674 8
e 6360 3675 1
e 6361 3674 1
e 6361 2400 3
e 6362 3674 7
e 6362 992 9
e 6363 3674 8
e 6363 3678 7
e 6364 3674 9
e 6364 996 2
e 6365 3674 2
e 6365 2407 9
e 6366 3683 1
e 6366 2429 8
e 6367 3683 2
e 6367 3684 6
e 6368 3683 7
e 6368 1483 10
e 6369 3683 6
e 6369 2332 7
e 6370 3689 3
e 6370 3691 1
e 6371 3689 2
e 6371 2743 8
e 6372 3689 6
e 6372 3694 4
e 6373 3697 8
e 6373 3455 1
e 6374 3697 4
e 6374 3698 1
e 6375 3701 5
e 6375 3702 6
e 6376 3701 4
e 6376 2089 2
e 6377 3701 10
e 6377 963 5
e 6378 3701 4
e 6378 3705 4
e 6379 3701 8
e 6379 2296 6
e 6380 3701 1
e 6380 135 5
e 6381 3701 8
e 6381 3710 10
e 6382 3701 4
e 6382 3325 1
e 6383 3701 4
e 6383 3713 7
e 6384 3701 2
e 6384 3329 5
e 6385 3716 10
e 6385 2374 9
e 6386 3716 8
e 6386 2541 3
e 6387 3716 9
e 6387 1868 4
e 6388 3716 10
e 6388 2446 10
e 6389 3716 10
e 6389 2377 3
e 6390 3716 2
e 6390 3353 10
e 6391 3716 3
e 6391 1875 2
e 6392 3716 3
e 6392 2196 5
e 6393 3716 10
e 6393 2380 4
e 6394 3716 9
e 6394 2549 5
e 6395 3727 4
e 6395 1283 1
e 6396 3727 9
e 6396 1683 10
e 6397 3730 5
e 6397 3191 9
e 6398 3730 8
e 6398 3660 1
e 6399 3733 7
e 6399 235 1
e 6400 3733 6
e 6400 2523 7
e 6401 3733 7
e 6401 2193 5
e 6402 3733 2
e 6402 2527 9
e 6403 3733 8
e 6403 186 8
e 6404 3733 6
e 6404 2905 9
e 6405 3740 1
e 6405 3684 4
e 6406 3740 1
e 6406 3741 5
e 6407 3740 7
e 6407 551 9
e 6408 3740 8
e 6408 3744 6
e 6409 3747 1
e 6409 2490 7
e 6410 3747 4
e 6410 3748 6
e 6411 3751 2
e 6411 3616 10
e 6412 3751 1
e 6412 3752 4
e 6413 3755 7
e 6413 3251 2
e 6414 3755 4
e 6414 3756 4
e 6415 3755 3
e 6415 3255 6
e 6416 3755 5
e 6416 371 2
e 6417 3755 2
e 6417 3262 1
e 6418 3755 8
e 6418 375 7
e 6419 3763 1
e 6419 1343 10
e 6420 3763 6
e 6420 3675 5
e 6421 3763 4
e 6421 3678 2
e 6422 3763 8
e 6422 3560 4
e 6423 3768 6
e 6423 2460 1
e 6424 3768 6
e 6424 2222 9
e 6425 3771 4
e 6425 2056 2
e 6426 3771 10
e 6426 3372 10
e 6427 3771 8
e 6427 3774 2
e 6428 3771 8
e 6428 2006 10
e 6429 3777 2
e 6429 3607 2
e 6430 3777 1
e 6430 3778 1
e 6431 3777 7
e 6431 3781 6
e 6432 3777 2
e 6432 806 3
e 6433 3784 1
e 6433 1838 8
e 6434 3784 1
e 6434 3785 5
e 6435 3784 10
e 6435 1872 7
e 6436 3784 2
e 6436 2596 2
e 6437 3784 1
e 6437 2197 9
e 6438 3784 1
e 6438 3790 5
e 6439 3793 7
e 6439 2966 7
e 6440 3793 2
e 6440 3794 10
e 6441 3793 7
e 6441 1999 4
e 6442 3793 10
e 6442 2640 10
e 6443 3690 1
e 6443 3694 8
e 6444 3690 7
e 6444 3092 8
e 6445 3690 7
e 6445 2031 10
e 6446 3690 10
e 6446 1558 2
e 6447 3803 6
e 6447 2252 1
e 6448 3803 8
e 6448 2318 9
e 6449 3806 6
e 6449 2328 10
e 6450 3806 4
e 6450 3035 2
e 6451 3809 2
e 6451 2757 1
e 6452 3809 10
e 6452 2836 2
e 6453 3809 10
e 6453 3596 4
e 6454 3809 10
e 6454 2839 3
e 6455 3809 9
e 6455 3599 5
e 6456 3809 6
e 6456 2842 7
e 6457 3816 8
e 6457 149 10
e 6458 3816 8
e 6458 153 3
e 6459 3819 4
e 6459 693 3
e 6460 3819 1
e 6460 3820 1
e 6461 3819 3
e 6461 3177 5
e 6462 3819 10
e 6462 2992 7
e 6463 3819 9
e 6463 1426 6
e 6464 3819 5
e 6464 2996 10
e 6465 3827 9
e 6465 3828 3
e 6466 3827 3
e 6466 12 8
e 6467 3831 5
e 6467 3832 10
e 6468 3831 6
e 6468 3433 5
e 6469 3831 6
e 6469 3198 1
e 6470 3831 9
e 6470 2949 10
e 6471 3831 3
e 6471 3399 1
e 6472 3831 4
e 6472 311 9
e 6473 3839 9
e 6473 3820 1
e 6474 3839 7
e 6474 2988 6
e 6475 3839 4
e 6475 65 4
e 6476 3839 4
e 6476 3613 2
e 6477 3839 6
e 6477 2820 4
e 6478 3839 8
e 6478 3844 8
e 6479 3839 10
e 6479 2993 6
e 6480 3839 10
e 6480 3622 10
e 6481 3839 6
e 6481 2954 10
e 6482 3839 5
e 6482 239 7
e 6483 3839 6
e 6483 2997 3
e 6484 3839 2
e 6484 3781 8
e 6485 3853 1
e 6485 1185 8
e 6486 3853 4
e 6486 1956 1
e 6487 3856 4
e 6487 1465 4
e 6488 3856 8
e 6488 897 10
e 6489 1533 4
e 6489 1687 4
e 6490 1533 8
e 6490 1886 6
e 6491 1533 7
e 6491 2696 4
e 6492 1533 7
e 6492 1690 3
e 6493 1533 1
e 6493 499 6
e 6494 1533 1
e 6494 408 2
e 6495 3865 6
e 6495 534 1
e 6496 3865 9
e 6496 116 2
e 6497 3868 3
e 6497 3310 5
e 6498 3868 8
e 6498 3869 4
e 6499 3868 10
e 6499 2290 6
e 6500 3868 1
e 6500 358 1
e 6501 3874 4
e 6501 3875 4
e 6502 3874 5
e 6502 654 3
e 6503 3874 4
e 6503 1542 5
e 6504 3874 3
e 6504 2477 6
e 6505 3880 9
e 6505 3667 4
e 6506 3880 3
e 6506 3282 4
e 6507 3880 1
e 6507 1058 3
e 6508 3880 5
e 6508 523 2
e 6509 3880 1
e 6509 3885 3
e 6510 3880 7
e 6510 2779 2
e 6511 3880 6
e 6511 2286 4
e 6512 3880 5
e 6512 3288 8
e 6513 3890 4
e 6513 869 6
e 6514 3890 6
e 6514 1271 3
e 6515 3890 9
e 6515 1501 10
e 6516 3890 7
e 6516 3893 2
e 6517 3890 2
e 6517 286 3
e 6518 3890 3
e 6518 1277 4
e 6519 3898 4
e 6519 3363 9
e 6520 3898 7
e 6520 2391 6
e 6521 3898 6
e 6521 3522 10
e 6522 3898 7
e 6522 2395 4
e 6523 3898 1
e 6523 3525 10
e 6524 3898 10
e 6524 2485 4
e 6525 3905 9
e 6525 3489 5
e 6526 3905 3
e 6526 3313 6
e 6527 3905 4
e 6527 2248 1
e 6528 3905 5
e 6528 2314 3
e 6529 3905 9
e 6529 3910 10
e 6530 3905 8
e 6530 2812 4
e 6531 3913 2
e 6531 951 8
e 6532 3913 10
e 6532 450 2
e 6533 3916 3
e 6533 3292 9
e 6534 3916 7
e 6534 1998 9
e 6535 3916 6
e 6535 3919 8
e 6536 3916 9
e 6536 3774 8
e 6537 3922 3
e 6537 432 6
e 6538 3922 6
e 6538 3557 9
e 6539 3922 8
e 6539 2232 8
e 6540 3922 8
e 6540 1703 5
e 6541 3927 10
e 6541 1546 7
e 6542 3927 10
e 6542 3928 1
e 6543 3927 4
e 6543 1099 4
e 6544 3927 4
e 6544 3931 8
e 6545 3934 4
e 6545 2801 7
e 6546 3934 4
e 6546 3046 5
e 6547 3937 7
e 6547 3938 7
e 6548 3937 10
e 6548 2846 3
e 6549 3937 6
e 6549 3941 5
e 6550 3937 9
e 6550 2849 2
e 6551 3937 3
e 6551 368 2
e 6552 3937 5
e 6552 3362 8
e 6553 3937 9
e 6553 1374 6
e 6554 3937 4
e 6554 3946 10
e 6555 3949 1
e 6555 3118 8
e 6556 3949 9
e 6556 629 10
e 6557 3952 6
e 6557 1980 7
e 6558 3952 8
e 6558 3910 8
e 6559 3955 7
e 6559 2042 7
e 6560 3955 6
e 6560 3242 8
e 6561 3955 6
e 6561 24 5
e 6562 3955 7
e 6562 2048 1
e 6563 3955 3
e 6563 3960 8
e 6564 3955 4
e 6564 1800 5
e 6565 3963 2
e 6565 3785 6
e 6566 3963 2
e 6566 1500 5
e 6567 3963 9
e 6567 182 9
e 6568 3963 9
e 6568 2980 2
e 6569 3963 5
e 6569 2906 4
e 6570 3963 2
e 6570 3451 2
e 6571 3963 2
e 6571 3297 6
e 6572 3963 1
e 6572 3970 9
e 6573 3973 4
e 6573 1538 6
e 6574 3973 4
e 6574 2724 6
e 6575 3973 5
e 6575 3928 5
e 6576 3973 5
e 6576 3976 4
e 6577 3973 10
e 6577 3931 3
e 6578 3973 9
e 6578 3713 5
e 6579 3981 1
e 6579 3437 5
e 6580 3981 5
e 6580 3657 6
e 6581 3984 7
e 6581 569 7
e 6582 3984 10
e 6582 2119 1
e 6583 3987 8
e 6583 3988 9
e 6584 3987 3
e 6584 1891 7
e 6585 3987 4
e 6585 2882 4
e 6586 3987 4
e 6586 3271 8
e 6587 3987 4
e 6587 3893 9
e 6588 3987 10
e 6588 2666 9
e 6589 3987 8
e 6589 2670 8
e 6590 3987 6
e 6590 3254 2
e 6591 3997 6
e 6591 3756 4
e 6592 3997 7
e 6592 3832 7
e 6593 3997 4
e 6593 372 8
e 6594 3997 8
e 6594 3197 9
e 6595 3997 1
e 6595 376 6
e 6596 3997 3
e 6596 3398 10
e 6597 4004 3
e 6597 4005 5
e 6598 4004 1
e 6598 1373 8
e 6599 4008 6
e 6599 1582 6
e 6600 4008 4
e 6600 3569 7
e 6601 4008 7
e 6601 3705 7
e 6602 4008 9
e 6602 2062 5
e 6603 4008 6
e 6603 1647 10
e 6604 4008 1
e 6604 82 10
e 6605 4008 1
e 6605 3545 3
e 6606 4008 3
e 6606 3160 6
e 6607 4008 10
e 6607 3135 10
e 6608 4008 10
e 6608 4017 10
e 6609 4020 7
e 6609 2789 7
e 6610 4020 4
e 6610 1237 7
e 6611 4020 2
e 6611 1727 9
e 6612 4020 7
e 6612 1241 4
e 6613 4025 8
e 6613 3741 2
e 6614 4025 6
e 6614 645 10
e 6615 4025 8
e 6615 3744 5
e 6616 4025 2
e 6616 649 3
e 6618 6617 2
e 6618 3691 9
e 6619 4030 3
e 6619 1566 1
e 6620 4030 10
e 6620 3702 8
e 6621 4030 1
e 6621 2474 3
e 6622 4030 4
e 6622 1052 2
e 6623 4030 7
e 6623 3219 5
e 6624 4030 4
e 6624 4035 4
e 6625 4030 5
e 6625 3976 9
e 6626 4030 2
e 6626 3710 8
e 6627 4030 1
e 6627 3213 6
e 6628 4030 9
e 6628 2098 1
e 6629 4042 3
e 6629 2585 6
e 6630 4042 7
e 6630 1758 7
e 6631 4042 3
e 6631 1274 2
e 6632 4042 3
e 6632 3079 9
e 6633 4042 7
e 6633 3461 8
e 6634 4042 2
e 6634 23 7
e 6635 4042 4
e 6635 271 3
e 6636 4042 4
e 6636 3084 5
e 6637 4042 7
e 6637 3464 8
e 6638 4042 3
e 6638 3960 10
e 6639 4053 10
e 6639 4054 5
e 6640 4053 10
e 6640 2489 4
e 6641 4057 9
e 6641 1922 8
e 6642 4057 5
e 6642 2243 4
e 6643 4057 1
e 6643 1818 3
e 6644 4057 8
e 6644 559 2
e 6645 4057 7
e 6645 1822 10
e 6646 4057 4
e 6646 764 9
e 6647 4064 6
e 6647 2278 10
e 6648 4064 8
e 6648 1629 8
e 6649 4067 8
e 6649 3350 10
e 6650 4067 1
e 6650 3529 2
e 6651 4070 5
e 6651 245 8
e 6652 4070 6
e 6652 4071 5
e 6653 4070 7
e 6653 3698 10
e 6654 4070 3
e 6654 1115 7
e 6655 4076 4
e 6655 3794 3
e 6656 4076 10
e 6656 3309 7
e 6657 4079 8
e 6657 1018 7
e 6658 4079 3
e 6658 2553 10
e 6659 4082 2
e 6659 3869 7
e 6660 4082 1
e 6660 784 4
e 6661 4085 3
e 6661 456 5
e 6662 4085 9
e 6662 1721 5
e 6663 4085 2
e 6663 3475 4
e 6664 4085 8
e 6664 1492 7
e 6665 4085 9
e 6665 394 2
e 6666 4085 6
e 6666 72 2
e 6667 4092 2
e 6667 3330 9
e 6668 4092 6
e 6668 4054 7
e 6669 4095 8
e 6669 1984 3
e 6670 4095 5
e 6670 158 4
e 6671 4095 9
e 6671 3089 1
e 6672 4095 8
e 6672 1733 1
e 6673 4095 2
e 6673 3208 8
e 6674 4095 7
e 6674 1541 6
e 6675 4095 7
e 6675 4102 4
e 6676 4095 7
e 6676 4103 1
e 6677 4106 1
e 6677 589 5
e 6678 4106 2
e 6678 3663 3
e 6679 4109 6
e 6679 825 8
e 6680 4109 8
e 6680 3988 8
e 6681 4109 2
e 6681 4112 2
e 6682 4109 9
e 6682 1511 4
e 6683 4115 8
e 6683 4116 3
e 6684 4115 8
e 6684 3183 5
e 6685 4115 3
e 6685 723 3
e 6686 4115 1
e 6686 3186 10
e 6687 4121 2
e 6687 4122 3
e 6688 4121 5
e 6688 1942 2
e 6689 4121 9
e 6689 2621 7
e 6690 4121 3
e 6690 1193 2
e 6691 4121 1
e 6691 4127 5
e 6692 4121 3
e 6692 1200 8
e 6693 441 6
e 6693 2673 3
e 6694 441 4
e 6694 3261 1
e 6695 4132 9
e 6695 3752 4
e 6696 4132 8
e 6696 1221 1
e 6697 4135 9
e 6697 4136 2
e 6698 4135 7
e 6698 3058 5
e 6699 4135 8
e 6699 3063 1
e 6700 4135 10
e 6700 2346 1
e 6701 4141 1
e 6701 3844 7
e 6702 4141 4
e 6702 792 4
e 6703 4144 6
e 6703 2891 4
e 6704 4144 4
e 6704 3875 2
e 6705 4144 1
e 6705 1434 7
e 6706 4144 1
e 6706 2870 1
e 6707 4144 6
e 6707 1751 4
e 6708 4144 2
e 6708 4102 4
e 6709 4151 2
e 6709 655 3
e 6710 4151 3
e 6710 3544 1
e 6711 4151 7
e 6711 3589 9
e 6712 4151 2
e 6712 77 6
e 6713 4156 6
e 6713 2581 9
e 6714 4156 4
e 6714 463 10
e 6715 4159 4
e 6715 4160 9
e 6716 4159 7
e 6716 2273 7
e 6717 4163 2
e 6717 820 4
e 6718 4163 4
e 6718 4164 2
e 6719 4163 6
e 6719 2681 6
e 6720 4163 3
e 6720 4160 1
e 6721 4163 7
e 6721 2688 6
e 6722 4163 1
e 6722 2277 7
e 6723 4171 4
e 6723 860 8
e 6724 4171 4
e 6724 1320 2
e 6725 4174 5
e 6725 4071 10
e 6726 4174 6
e 6726 1475 1
e 6727 4174 2
e 6727 1116 4
e 6728 4174 7
e 6728 2442 5
e 6729 4179 10
e 6729 1014 8
e 6730 4179 2
e 6730 4136 9
e 6731 4182 10
e 6731 163 3
e 6732 4182 5
e 6732 3885 2
e 6733 4182 10
e 6733 167 6
e 6734 4182 7
e 6734 2285 3
e 6735 4187 6
e 6735 3 3
e 6736 4187 6
e 6736 1917 8
e 6737 4187 2
e 6737 1607 6
e 6738 4187 1
e 6738 4116 10
e 6739 4187 10
e 6739 2923 8
e 6740 4187 7
e 6740 722 9
e 6741 4194 4
e 6741 798 9
e 6742 4194 10
e 6742 3481 1
e 6743 4197 4
e 6743 842 1
e 6744 4197 10
e 6744 1022 2
e 6745 4197 5
e 6745 1963 4
e 6746 4197 7
e 6746 3610 4
e 6747 4197 10
e 6747 7 2
e 6748 4197 1
e 6748 2573 3
e 6749 4197 6
e 6749 1973 8
e 6750 4197 5
e 6750 3619 4
e 6751 4197 3
e 6751 2239 7
e 6752 4197 4
e 6752 3296 1
e 6753 4208 4
e 6753 702 10
e 6754 4208 8
e 6754 3938 6
e 6755 4208 3
e 6755 2785 5
e 6756 4208 6
e 6756 1369 1
e 6757 4208 9
e 6757 3627 7
e 6758 4208 5
e 6758 4005 1
e 6759 4215 4
e 6759 926 6
e 6760 4215 6
e 6760 1694 4
e 6761 4218 4
e 6761 2901 9
e 6762 4218 1
e 6762 2496 4
e 6763 4218 4
e 6763 564 10
e 6764 4218 7
e 6764 2499 9
e 6765 4223 6
e 6765 1842 3
e 6766 4223 8
e 6766 2256 1
e 6767 4223 2
e 6767 3001 8
e 6768 4223 2
e 6768 2266 4
e 6769 4223 1
e 6769 1383 3
e 6770 4223 4
e 6770 2784 3
e 6771 4223 2
e 6771 3790 3
e 6772 4223 10
e 6772 2887 9
e 6773 4223 4
e 6773 1845 4
e 6774 4223 9
e 6774 3626 2
e 6775 4234 7
e 6775 4164 8
e 6776 4234 5
e 6776 3376 3
e 6777 4234 4
e 6777 2570 4
e 6778 4234 7
e 6778 2158 3
e 6779 4234 10
e 6779 1251 4
e 6780 4234 5
e 6780 2161 5
e 6781 4234 10
e 6781 3631 8
e 6782 4234 4
e 6782 3050 5
e 6783 4234 8
e 6783 2896 2
e 6784 4234 6
e 6784 2976 7
e 6785 4234 7
e 6785 1626 3
e 6786 4234 8
e 6786 3379 8
e 6787 4234 7
e 6787 240 9
e 6788 4234 10
e 6788 1229 7
e 6789 4234 3
e 6789 1630 8
e 6790 4234 1
e 6790 3382 7
e 6791 4251 7
e 6791 4017 2
e 6792 4251 5
e 6792 2533 10
e 6793 4251 9
e 6793 2404 3
e 6794 4251 9
e 6794 1064 3
e 6795 4256 5
e 6795 1650 7
e 6796 4256 8
e 6796 2065 5
e 6797 4256 8
e 6797 2073 5
e 6798 4256 7
e 6798 1410 9
e 6799 4261 10
e 6799 3406 8
e 6800 4261 2
e 6800 2171 6
e 6801 4264 3
e 6801 3585 8
e 6802 4264 4
e 6802 824 3
e 6803 4264 4
e 6803 829 1
e 6804 4264 1
e 6804 3258 9
e 6805 4264 6
e 6805 833 8
e 6806 4264 7
e 6806 4112 7
e 6807 4271 7
e 6807 3492 6
e 6808 4271 7
e 6808 2636 8
e 6809 4271 5
e 6809 3497 10
e 6810 4271 2
e 6810 1717 7
e 6811 4276 1
e 6811 51 2
e 6812 4276 7
e 6812 1290 10
e 6813 4279 3
e 6813 3778 4
e 6814 4279 7
e 6814 1246 5
e 6815 4282 6
e 6815 2713 9
e 6816 4282 8
e 6816 541 6
e 6817 4285 1
e 6817 389 7
e 6818 4285 7
e 6818 1459 4
e 6819 4288 4
e 6819 1330 8
e 6820 4288 1
e 6820 455 6
e 6821 4288 1
e 6821 2593 3
e 6822 4288 5
e 6822 2677 10
e 6823 4288 8
e 6823 675 3
e 6824 4288 5
e 6824 459 4
e 6825 4288 10
e 6825 1853 10
e 6826 4288 3
e 6826 3201 1
e 6827 4297 2
e 6827 3946 2
e 6828 4297 7
e 6828 710 7
e 6829 4300 10
e 6829 1411 2
e 6830 4300 9
e 6830 3919 4
e 6831 4300 7
e 6831 3748 3
e 6832 4300 7
e 6832 3238 5
e 6833 4305 5
e 6833 1734 9
e 6834 4305 9
e 6834 1048 7
e 6835 4305 10
e 6835 4308 5
e 6836 4305 7
e 6836 3388 2
e 6837 4305 2
e 6837 4035 10
e 6838 4305 6
e 6838 1902 3
e 6839 4305 5
e 6839 2780 4
e 6840 4305 7
e 6840 3285 5
e 6841 4305 1
e 6841 4103 3
e 6842 4305 8
e 6842 4315 1
e 6844 6843 2
e 6844 2700 2
e 6845 4318 7
e 6845 1989 9
e 6846 4318 7
e 6846 1960 5
e 6847 4318 7
e 6847 3130 3
e 6848 4318 3
e 6848 2643 6
e 6849 4318 3
e 6849 266 3
e 6850 4318 4
e 6850 50 8
e 6851 2038 3
e 6851 3070 9
e 6852 2038 2
e 6852 2756 8
e 6853 2038 10
e 6853 1995 4
e 6854 2038 3
e 6854 1755 4
e 6855 2038 1
e 6855 3468 3
e 6856 2038 4
e 6856 2760 5
e 6857 2038 7
e 6857 3429 8
e 6858 2038 10
e 6858 3828 2
e 6859 2038 3
e 6859 3073 2
e 6860 2038 5
e 6860 3595 2
e 6861 4335 7
e 6861 3970 2
e 6862 4335 5
e 6862 545 2
e 6863 4338 6
e 6863 4315 1
e 6864 4338 10
e 6864 937 4
e 6865 2303 8
e 6865 3278 8
e 6866 2303 2
e 6866 2613 1
e 6867 4343 1
e 6867 3243 5
e 6868 4343 1
e 6868 1814 10
e 6869 4343 1
e 6869 2928 2
e 6870 4343 4
e 6870 1817 9
e 6871 4343 1
e 6871 2932 7
e 6872 4343 10
e 6872 1821 9
e 6873 4122 5
e 6873 1942 8
e 6874 1942 8
e 6874 1943 6
e 6875 1943 10
e 6875 2106 7
e 6876 2106 6
e 6876 2 6
e 6877 2 6
e 6877 3 6
e 6878 3 4
e 6878 1917 6
e 6879 1917 7
e 6879 1529 7
e 6880 1529 10
e 6880 1294 1
e 6881 1294 6
e 6881 1295 6
e 6882 1295 2
e 6882 32 1
e 6883 32 8
e 6883 33 7
e 6884 33 3
e 6884 325 1
e 6885 325 10
e 6885 1456 2
e 6886 1456 9
e 6886 988 5
e 6887 988 4
e 6887 989 6
e 6888 989 8
e 6888 1343 10
e 6889 1343 8
e 6889 3675 9
e 6890 3675 7
e 6890 2400 4
e 6891 2400 1
e 6891 1329 6
e 6892 1329 1
e 6892 1330 6
e 6893 1330 1
e 6893 455 6
e 6894 455 8
e 6894 456 4
e 6895 456 10
e 6895 1721 8
e 6896 1721 7
e 6896 60 10
e 6897 60 2
e 6897 61 6
e 6898 61 7
e 6898 1234 8
e 6899 1234 2
e 6899 819 7
e 6900 819 5
e 6900 820 10
e 6901 820 4
e 6901 4164 3
e 6902 4164 9
e 6902 3376 10
e 6903 3376 9
e 6903 2155 1
e 6904 2155 3
e 6904 204 8
e 6905 204 2
e 6905 205 5
e 6906 205 9
e 6906 2824 8
e 6907 2824 3
e 6907 2825 8
e 6908 2825 2
e 6908 1773 8
e 6909 1773 9
e 6909 1634 4
e 6910 1634 4
e 6910 1390 4
e 6911 1390 3
e 6911 527 2
e 6912 527 2
e 6912 104 7
e 6913 104 1
e 6913 105 3
e 6914 105 6
e 6914 745 7
e 6915 745 5
e 6915 3070 4
e 6916 3070 5
e 6916 2756 8
e 6917 2756 2
e 6917 2757 3
e 6918 2757 9
e 6918 2836 8
e 6919 2836 2
e 6919 2142 6
e 6920 2142 4
e 6920 2143 10
e 6921 2143 10
e 6921 2513 2
e 6922 2513 6
e 6922 1826 7
e 6923 1826 7
e 6923 1402 9
e 6924 1402 7
e 6924 1403 4
e 6925 1403 4
e 6925 2625 5
e 6926 2625 2
e 6926 2650 5
e 6927 2650 2
e 6927 2651 2
e 6928 2651 2
e 6928 1210 6
e 6929 1210 10
e 6929 1211 4
e 6930 1211 2
e 6930 1857 10
e 6931 1857 6
e 6931 3096 3
e 6932 3096 6
e 6932 3097 7
e 6933 3097 10
e 6933 2205 1
e 6934 2205 5
e 6934 1863 1
e 6935 1863 10
e 6935 1864 9
e 6936 1864 4
e 6936 2374 7
e 6937 2374 7
e 6937 2541 6
e 6938 2541 6
e 6938 2542 3
e 6939 2542 9
e 6939 3350 10
e 6940 3350 10
e 6940 3529 4
e 6941 3529 2
e 6941 618 7
e 6942 618 1
e 6942 619 9
e 6943 619 8
e 6943 1842 6
e 6944 1842 3
e 6944 2256 5
e 6945 2256 4
e 6945 2257 8
e 6946 2257 8
e 6946 701 3
e 6947 701 10
e 6947 702 5
e 6948 702 3
e 6948 3938 1
e 6949 3938 10
e 6949 2846 6
e 6950 2846 5
e 6950 91 9
e 6951 91 2
e 6951 92 5
e 6952 92 10
e 6952 641 8
e 6953 641 4
e 6953 642 8
e 6954 642 5
e 6954 446 7
e 6955 446 1
e 6955 447 6
e 6956 447 3
e 6956 3406 4
e 6957 3406 4
e 6957 2171 1
e 6958 2171 3
e 6958 955 8
e 6959 955 7
e 6959 956 5
e 6960 956 3
e 6960 476 1
e 6961 476 9
e 6961 477 7
e 6962 477 6
e 6962 1581 7
e 6963 1581 8
e 6963 1582 6
e 6964 1582 7
e 6964 3569 7
e 6965 3569 2
e 6965 3157 9
e 6966 3157 5
e 6966 1438 5
e 6967 1438 4
e 6967 1263 9
e 6968 1263 7
e 6968 1264 2
e 6969 1264 3
e 6969 2585 6
e 6970 2585 10
e 6970 1758 1
e 6971 1758 5
e 6971 1759 8
e 6972 1759 3
e 6972 2041 10
e 6973 2041 3
e 6973 2042 8
e 6974 2042 8
e 6974 3242 5
e 6975 3242 3
e 6975 3243 4
e 6976 3243 4
e 6976 1814 4
e 6977 1814 1
e 6977 555 6
e 6978 555 10
e 6978 556 2
e 6979 556 3
e 6979 2566 7
e 6980 2566 7
e 6980 1156 3
e 6981 1156 1
e 6981 1157 2
e 6982 1157 6
e 6982 140 8
e 6983 140 3
e 6983 141 1
e 6984 141 2
e 6984 249 9
e 6985 249 6
e 6985 250 10
e 6986 250 7
e 6986 1665 3
e 6987 1665 7
e 6987 2747 4
e 6988 2747 1
e 6988 2506 2
e 6989 2506 4
e 6989 1013 7
e 6990 1013 8
e 6990 1014 5
e 6991 1014 10
e 6991 4136 3
e 6992 4136 7
e 6992 3058 2
e 6993 3058 8
e 6993 1078 7
e 6994 1078 5
e 6994 1079 8
e 6995 1079 6
e 6995 2604 1
e 6996 2604 2
e 6996 756 2
e 6997 756 2
e 6997 692 2
e 6998 692 8
e 6998 693 9
e 6999 693 4
e 6999 3820 1
e 7000 3820 10
e 7000 2988 10
e 7001 2988 10
e 7001 2989 8
e 7002 2989 5
e 7002 3607 2
e 7003 3607 10
e 7003 3778 3
e 7004 3778 7
e 7004 1246 8
e 7005 1246 7
e 7005 1247 5
e 7006 1247 10
e 7006 1205 3
e 7007 1205 2
e 7007 1206 6
e 7008 1206 2
e 7008 1935 9
e 7009 1935 3
e 7009 1565 7
e 7010 1565 1
e 7010 1566 7
e 7011 1566 9
e 7011 3702 9
e 7012 3702 9
e 7012 2089 8
e 7013 2089 2
e 7013 2090 9
e 7014 2090 10
e 7014 1832 9
e 7015 1832 2
e 7015 1833 4
e 7016 1833 2
e 7016 2056 3
e 7017 2056 10
e 7017 3372 3
e 7018 3372 1
e 7018 1988 9
e 7019 1988 8
e 7019 1989 6
e 7020 1989 2
e 7020 1960 1
e 7021 1960 3
e 7021 841 10
e 7022 841 4
e 7022 842 3
e 7023 842 2
e 7023 1022 9
e 7024 1022 5
e 7024 1023 1
e 7025 1023 2
e 7025 1347 2
e 7026 1347 9
e 7026 494 5
e 7027 494 6
e 7027 495 9
e 7028 495 3
e 7028 1110 7
e 7029 1110 1
e 7029 1111 4
e 7030 1111 5
e 7030 663 1
e 7031 663 9
e 7031 664 5
e 7032 664 9
e 7032 512 8
e 7033 512 3
e 7033 513 10
e 7034 513 8
e 7034 2188 6
e 7035 2188 9
e 7035 234 6
e 7036 234 10
e 7036 235 9
e 7037 235 9
e 7037 2523 4
e 7038 2523 2
e 7038 2524 1
e 7039 2524 4
e 7039 3585 1
e 7040 3585 4
e 7040 824 3
e 7041 824 5
e 7041 825 4
e 7042 825 3
e 7042 3988 10
e 7043 3988 9
e 7043 1891 4
e 7044 1891 10
e 7044 436 6
e 7045 436 5
e 7045 437 3
e 7046 437 10
e 7046 776 7
e 7047 776 2
e 7047 777 9
e 7048 777 5
e 7048 1313 5
e 7049 1313 7
e 7049 2015 3
e 7050 2015 7
e 7050 1554 8
e 7051 1554 2
e 7051 1555 5
e 7052 1555 7
e 7052 1984 3
e 7053 1984 9
e 7053 158 4
e 7054 158 2
e 7054 159 5
e 7055 159 4
e 7055 3667 6
e 7056 3667 10
e 7056 3282 9
e 7057 3282 10
e 7057 925 3
e 7058 925 7
e 7058 926 3
e 7059 926 6
e 7059 1694 7
e 7060 1694 7
e 7060 1695 1
e 7061 3941 10
e 7061 2849 4
e 7062 2849 2
e 7062 1946 5
e 7063 1946 2
e 7063 1947 9
e 7064 1947 2
e 7064 1963 9
e 7065 1963 7
e 7065 3610 2
e 7066 3610 6
e 7066 3409 2
e 7067 3409 6
e 7067 2569 6
e 7068 2569 5
e 7068 2570 3
e 7069 2570 4
e 7069 2158 5
e 7070 2158 1
e 7070 2018 2
e 7071 2018 7
e 7071 2019 4
e 7072 2019 7
e 7072 2174 2
e 7073 2174 2
e 7073 854 3
e 7074 854 9
e 7074 855 5
e 7075 855 10
e 7075 959 8
e 7076 959 2
e 7076 2470 9
e 7077 2470 6
e 7077 3026 10
e 7078 3026 5
e 7078 1668 9
e 7079 1668 5
e 7079 622 10
e 7080 622 2
e 7080 623 1
e 7081 623 3
e 7081 2229 6
e 7082 2229 7
e 7082 2059 3
e 7083 2059 6
e 7083 1441 9
e 7084 1441 9
e 7084 1442 10
e 7085 1442 7
e 7085 1992 8
e 7086 2771 10
e 7086 1966 3
e 7087 1966 5
e 7087 6 1
e 7088 6 9
e 7088 7 3
e 7089 7 3
e 7089 2573 3
e 7090 2573 7
e 7090 2574 10
e 7091 2574 5
e 7091 1160 1
e 7092 1160 6
e 7092 1161 4
e 7093 1161 10
e 7093 3029 7
e 7094 3029 8
e 7094 3030 3
e 7095 3030 8
e 7095 1671 6
e 7096 1671 8
e 7096 290 9
e 7097 290 5
e 7097 291 5
e 7098 291 7
e 7098 626 9
e 7099 626 4
e 7099 2752 5
e 7100 2752 2
e 7100 2509 5
e 7101 2509 7
e 7101 2260 6
e 7102 2260 2
e 7102 2261 2
e 7103 2261 2
e 7103 2882 4
e 7104 2882 2
e 7104 3271 3
e 7105 3271 10
e 7105 2607 1
e 7106 2607 2
e 7106 2608 5
e 7107 2608 9
e 7107 64 8
e 7108 64 1
e 7108 65 7
e 7109 65 9
e 7109 3613 3
e 7110 3613 8
e 7110 2270 8
e 7111 2270 9
e 7111 780 9
e 7112 780 2
e 7112 781 7
e 7113 781 1
e 7113 1250 10
e 7114 1250 4
e 7114 1251 1
e 7115 1251 7
e 7115 2161 9
e 7116 2161 6
e 7116 2022 4
e 7117 2022 9
e 7117 2023 10
e 7118 2023 1
e 7118 2177 10
e 7119 2177 8
e 7119 1569 3
e 7120 1569 9
e 7120 1570 4
e 7121 1570 3
e 7121 962 2
e 7122 962 6
e 7122 963 3
e 7123 963 9
e 7123 3705 6
e 7124 3705 1
e 7124 2062 7
e 7125 2062 8
e 7125 108 7
e 7126 108 3
e 7126 109 6
e 7127 109 2
e 7127 1445 6
e 7128 1445 4
e 7128 1267 9
e 7129 1267 2
e 7129 1268 5
e 7130 1268 5
e 7130 1995 8
e 7131 1995 5
e 7131 1755 5
e 7132 1057 4
e 7132 1058 1
e 7133 1058 10
e 7133 523 7
e 7134 523 4
e 7134 403 5
e 7135 403 9
e 7135 404 1
e 7136 404 8
e 7136 1762 10
e 7137 1762 8
e 7137 684 1
e 7138 2558 6
e 7138 2559 1
e 7139 2966 10
e 7139 3794 8
e 7140 3794 6
e 7140 3309 5
e 7141 3309 6
e 7141 3310 2
e 7142 3310 1
e 7142 3869 6
e 7143 3869 3
e 7143 784 7
e 7144 784 6
e 7144 785 1
e 7145 785 2
e 7145 1164 7
e 7146 1164 8
e 7146 1165 4
e 7147 1165 2
e 7147 2630 9
e 7148 2630 9
e 7148 2415 3
e 7149 2415 7
e 7149 920 2
e 7150 920 8
e 7150 921 1
e 7151 921 3
e 7151 346 5
e 7152 346 4
e 7152 347 8
e 7153 347 7
e 7153 1738 6
e 7154 1739 5
e 7154 2296 6
e 7155 2296 7
e 7155 135 3
e 7156 135 9
e 7156 136 5
e 7157 136 2
e 7157 1045 8
e 7158 1045 8
e 7158 1913 3
e 7159 1913 3
e 7159 431 6
e 7160 431 7
e 7160 432 1
e 7161 432 6
e 7161 3557 4
e 7162 3557 2
e 7162 1646 4
e 7163 1646 5
e 7163 1647 1
e 7164 1647 3
e 7164 82 7
e 7165 82 7
e 7165 83 6
e 7166 83 1
e 7166 1700 3
e 7167 1700 4
e 7167 868 8
e 7168 868 5
e 7168 869 2
e 7169 869 7
e 7169 1271 8
e 7170 1271 9
e 7170 489 8
e 7171 489 3
e 7171 490 6
e 7172 490 7
e 7172 1496 9
e 7173 2700 7
e 7173 1189 3
e 7174 1189 2
e 7174 1190 2
e 7175 573 1
e 7175 574 3
e 7176 217 3
e 7176 218 6
e 7177 328 9
e 7177 350 1
e 7178 974 4
e 7178 975 1
e 7179 975 6
e 7179 1061 7
e 7180 1061 10
e 7180 1611 1
e 7181 2593 7
e 7181 2677 8
e 7182 2677 5
e 7182 2678 5
e 7183 3005 8
e 7183 3631 2
e 7184 3631 7
e 7184 3050 4
e 7185 380 10
e 7185 381 3
e 7186 602 9
e 7186 603 3
e 7187 603 4
e 7187 530 5
e 7188 530 2
e 7188 112 5
e 7189 112 4
e 7189 113 7
e 7190 113 4
e 7190 3468 8
e 7191 3468 2
e 7191 2760 9
e 7192 2459 10
e 7192 2460 3
e 7193 2460 4
e 7193 2222 10
e 7194 2222 3
e 7194 2223 4
e 7195 2223 2
e 7195 3489 3
e 7196 3313 7
e 7196 1520 1
e 7197 1520 5
e 7197 1521 4
e 7198 1521 3
e 7198 2419 7
e 7199 2654 1
e 7199 2655 10
e 7200 2692 4
e 7200 3100 2
e 7201 3100 1
e 7201 2732 7
e 7202 2732 7
e 7202 1867 9
e 7203 1868 5
e 7203 2446 4
e 7204 2446 4
e 7204 740 6
e 7205 740 7
e 7205 741 8
e 7206 741 1
e 7206 3001 9
e 7207 3001 7
e 7207 2266 1
e 7208 2266 5
e 7208 1366 2
e 7209 1366 5
e 7209 367 6
e 7210 368 5
e 7210 3362 6
e 7211 3362 7
e 7211 3363 4
e 7212 3363 6
e 7212 2391 1
e 7213 2391 3
e 7213 2392 1
e 7214 2392 1
e 7214 1743 1
e 7215 1744 6
e 7215 2891 4
e 7216 655 5
e 7216 3544 8
e 7217 3544 5
e 7217 3545 10
e 7218 3545 2
e 7218 3160 7
e 7219 3160 3
e 7219 872 5
e 7220 872 8
e 7220 873 6
e 7221 873 6
e 7221 1274 5
e 7222 1274 2
e 7222 3079 2
e 7223 16 1
e 7223 1128 9
e 7224 1128 3
e 7224 2045 6
e 7225 2045 6
e 7225 2437 6
e 7226 2438 10
e 7226 3139 9
e 7227 1921 10
e 7227 1922 6
e 7228 1922 4
e 7228 2243 5
e 7229 2311 4
e 7229 1168 10
e 7230 1168 7
e 7230 1169 2
e 7231 1169 2
e 7231 1325 3
e 7232 1325 10
e 7232 253 2
e 7233 253 1
e 7233 254 10
e 7234 254 4
e 7234 1674 4
e 7235 3437 8
e 7235 3657 2
e 7236 3657 2
e 7236 2307 9
e 7237 2307 10
e 7237 1849 6
e 7238 1849 5
e 7238 467 8
e 7239 467 4
e 7239 468 9
e 7240 468 3
e 7240 1378 1
e 7241 1378 3
e 7241 1379 4
e 7242 1379 7
e 7242 1136 9
e 7243 1136 5
e 7243 1137 9
e 7244 199 6
e 7244 200 6
e 7245 200 8
e 7245 507 2
e 7246 507 7
e 7246 508 2
e 7247 508 8
e 7247 3173 7
e 7248 3173 9
e 7248 3616 9
e 7249 3616 1
e 7249 3752 3
e 7250 3752 10
e 7250 1221 5
e 7251 1222 3
e 7251 1256 5
e 7252 1256 1
e 7252 320 10
e 7253 320 1
e 7253 321 4
e 7254 1573 7
e 7254 1537 8
e 7255 1537 9
e 7255 1538 9
e 7256 1538 2
e 7256 2724 3
e 7257 2724 8
e 7257 2473 9
e 7258 1052 7
e 7258 1053 9
e 7259 1451 7
e 7259 1452 7
e 7260 1452 10
e 7260 1650 5
e 7261 1650 4
e 7261 2065 3
e 7262 2065 1
e 7262 2066 3
e 7263 2066 10
e 7263 1407 4
e 7264 1407 10
e 7264 888 1
e 7265 888 9
e 7265 889 8
e 7266 889 9
e 7266 3292 9
e 7267 3292 5
e 7267 1998 5
e 7268 1998 4
e 7268 1999 5
e 7269 1999 5
e 7269 2640 9
e 7270 2640 2
e 7270 1969 3
e 7271 1969 4
e 7271 354 1
e 7272 354 9
e 7272 355 4
e 7273 355 5
e 7273 1120 1
e 7274 1687 3
e 7274 1886 5
e 7275 1886 3
e 7275 1887 5
e 7276 1887 1
e 7276 1837 4
e 7277 1837 4
e 7277 1838 9
e 7278 3785 2
e 7278 1500 1
e 7279 1500 6
e 7279 1501 10
e 7280 1501 6
e 7280 3893 6
e 7281 3251 2
e 7281 3756 9
e 7282 3756 5
e 7282 3832 3
e 7283 3433 7
e 7283 597 10
e 7284 597 5
e 7284 598 6
e 7285 598 1
e 7285 2350 1
e 7286 2350 6
e 7286 788 4
e 7287 788 5
e 7287 789 3
e 7288 789 5
e 7288 2128 1
e 7289 2128 9
e 7289 2720 10
e 7290 2720 2
e 7290 3089 7
e 7291 1733 5
e 7291 1734 10
e 7292 1734 9
e 7292 1048 4
e 7293 1048 8
e 7293 929 4
e 7294 929 6
e 7294 930 5
e 7295 2232 4
e 7295 1703 10
e 7296 1703 7
e 7296 1358 3
e 7297 1358 8
e 7297 1359 4
e 7298 2774 7
e 7298 2775 6
e 7299 2775 3
e 7299 2829 8
e 7300 2829 2
e 7300 307 8
e 7301 307 3
e 7301 308 8
e 7302 308 3
e 7302 2820 3
e 7303 2820 4
e 7303 3844 10
e 7304 3844 8
e 7304 792 3
e 7305 792 5
e 7305 793 1
e 7306 793 5
e 7306 1259 3
e 7307 1259 3
e 7307 1172 7
e 7308 1172 10
e 7308 1173 4
e 7309 1173 2
e 7309 2131 3
e 7310 1930 2
e 7310 1931 7
e 7311 1931 4
e 7311 294 8
e 7312 294 7
e 7312 295 2
e 7313 295 9
e 7313 3191 3
e 7314 3191 1
e 7314 3660 10
e 7315 3660 2
e 7315 3603 7
e 7316 3603 7
e 7316 3134 1
e 7317 3134 2
e 7317 3135 1
e 7318 3135 1
e 7318 4017 3
e 7319 4017 4
e 7319 2533 2
e 7320 2533 5
e 7320 2534 3
e 7321 2534 10
e 7321 1706 1
e 7322 1706 1
e 7322 1504 2
e 7323 1504 9
e 7323 876 6
e 7324 876 2
e 7324 285 4
e 7325 285 3
e 7325 286 8
e 7326 286 10
e 7326 1277 8
e 7327 1277 3
e 7327 1278 5
e 7328 1278 6
e 7328 2123 8
e 7329 2123 3
e 7329 2124 4
e 7330 2124 1
e 7330 1516 9
e 7331 1516 5
e 7331 442 9
e 7332 2617 2
e 7332 1972 1
e 7333 1972 1
e 7333 1973 2
e 7334 1973 9
e 7334 3619 5
e 7335 3619 2
e 7335 2895 9
e 7336 2896 7
e 7336 2976 3
e 7337 2976 1
e 7337 2026 4
e 7338 2026 1
e 7338 2027 4
e 7339 2027 7
e 7339 2743 7
e 7340 2743 3
e 7340 3694 6
e 7341 3694 5
e 7341 3092 4
e 7342 3092 7
e 7342 2180 2
e 7343 2180 8
e 7343 966 3
e 7344 966 2
e 7344 967 4
e 7345 967 2
e 7345 3118 5
e 7346 3118 6
e 7346 629 2
e 7347 629 10
e 7347 630 6
e 7348 630 2
e 7348 2069 6
e 7349 2069 2
e 7349 879 1
e 7350 879 10
e 7350 880 3
e 7351 880 3
e 7351 2002 7
e 7352 2002 9
e 7352 2003 6
e 7353 3429 10
e 7353 3828 3
e 7354 3828 7
e 7354 12 3
e 7355 2620 5
e 7355 2621 10
e 7356 2621 5
e 7356 1193 6
e 7357 1193 2
e 7357 568 5
e 7358 568 8
e 7358 569 6
e 7359 569 5
e 7359 2119 2
e 7360 2119 1
e 7360 1036 3
e 7361 1036 3
e 7361 1037 6
e 7362 1037 3
e 7362 1607 7
e 7363 1607 8
e 7363 4116 8
e 7364 4116 2
e 7364 3183 2
e 7365 3183 10
e 7365 1298 7
e 7366 1298 5
e 7366 1299 3
e 7367 1299 2
e 7367 911 6
e 7368 911 3
e 7368 912 3
e 7369 912 7
e 7369 751 6
e 7370 751 6
e 7370 752 8
e 7371 752 7
e 7371 36 8
e 7372 36 7
e 7372 37 10
e 7373 37 6
e 7373 334 3
e 7374 334 4
e 7374 2798 7
e 7375 2798 7
e 7375 978 9
e 7376 978 8
e 7376 979 9
e 7377 979 9
e 7377 992 8
e 7378 992 9
e 7378 3678 9
e 7379 3678 4
e 7379 3560 7
e 7380 3560 2
e 7380 2403 10
e 7381 2403 7
e 7381 2404 9
e 7382 2404 10
e 7382 1064 4
e 7383 1064 2
e 7383 1065 4
e 7384 1065 6
e 7384 1333 1
e 7385 1333 4
e 7385 1152 1
e 7386 1152 6
e 7386 674 9
e 7387 674 8
e 7387 675 3
e 7388 675 2
e 7388 459 1
e 7389 459 6
e 7389 460 6
e 7390 460 3
e 7390 3475 5
e 7391 3475 8
e 7391 1492 3
e 7392 1492 9
e 7392 837 7
e 7393 837 4
e 7393 68 4
e 7394 68 4
e 7394 69 1
e 7395 69 3
e 7395 1724 2
e 7396 1724 3
e 7396 2789 7
e 7397 2789 1
e 7397 1237 7
e 7398 1237 6
e 7398 1238 1
e 7399 1238 2
e 7399 2681 10
e 7400 2681 2
e 7400 4160 8
e 7401 4160 10
e 7401 2273 3
e 7402 2273 1
e 7402 2274 3
e 7403 2274 6
e 7403 1625 3
e 7404 1625 2
e 7404 1626 4
e 7405 1626 2
e 7405 3379 1
e 7406 3379 10
e 7406 384 7
e 7407 384 3
e 7407 208 3
e 7408 208 8
e 7408 209 3
e 7409 209 9
e 7409 1879 5
e 7410 1879 8
e 7410 3151 7
e 7411 3151 6
e 7411 1776 8
e 7412 1776 1
e 7412 275 5
e 7413 276 2
e 7413 1393 3
e 7414 1393 1
e 7414 1394 1
e 7415 1394 10
e 7415 606 3
e 7416 606 9
e 7416 607 3
e 7417 607 1
e 7417 1073 7
e 7418 1073 7
e 7418 1074 8
e 7419 1074 9
e 7419 533 5
e 7420 533 10
e 7420 534 9
e 7421 116 5
e 7421 117 4
e 7422 117 7
e 7422 226 3
e 7423 226 5
e 7423 3073 2
e 7424 3073 9
e 7424 3595 7
e 7425 3595 3
e 7425 3596 4
e 7426 3596 7
e 7426 2839 10
e 7427 2839 1
e 7427 2146 4
e 7428 2146 7
e 7428 2147 3
e 7429 2147 9
e 7429 2516 10
e 7430 2516 2
e 7430 3492 8
e 7431 3492 8
e 7431 2636 6
e 7432 2636 7
e 7432 2370 7
e 7433 2370 3
e 7433 1714 1
e 7434 1714 6
e 7434 1103 7
e 7435 1103 4
e 7435 810 5
e 7436 810 2
e 7436 811 2
e 7437 811 2
e 7437 1926 6
e 7438 1926 10
e 7438 2658 6
e 7439 2658 1
e 7439 1214 4
e 7440 1214 5
e 7440 797 3
e 7441 797 9
e 7441 798 2
e 7442 798 2
e 7442 3481 4
e 7443 3481 10
e 7443 3103 1
e 7444 3103 5
e 7444 578 4
e 7445 578 9
e 7445 579 4
e 7446 579 1
e 7446 2936 4
e 7447 2936 5
e 7447 1787 2
e 7448 1787 10
e 7448 1788 10
e 7449 1788 1
e 7449 2208 10
e 7450 2208 8
e 7450 2209 1
e 7451 2209 1
e 7451 2377 6
e 7452 2377 2
e 7452 3353 5
e 7453 3353 1
e 7453 2545 6
e 7454 2545 5
e 7454 2546 7
e 7455 2546 9
e 7455 633 4
e 7456 633 6
e 7456 634 7
e 7457 634 6
e 7457 1383 3
e 7458 1383 2
e 7458 2784 6
e 7459 2784 7
e 7459 2785 9
e 7460 2785 2
e 7460 1369 9
e 7461 1369 3
e 7461 1370 1
e 7462 1370 10
e 7462 2562 7
e 7463 2562 8
e 7463 706 10
e 7464 706 1
e 7464 707 5
e 7465 707 3
e 7465 95 3
e 7466 95 8
e 7466 96 2
e 7467 96 2
e 7467 3522 4
e 7468 3522 4
e 7468 2395 3
e 7469 2395 3
e 7469 2396 9
e 7470 2396 9
e 7470 2429 10
e 7471 2429 9
e 7471 3684 6
e 7472 3684 8
e 7472 3741 3
e 7473 3741 6
e 7473 645 5
e 7474 645 6
e 7474 646 10
e 7475 646 7
e 7475 948 1
e 7476 948 7
e 7476 1805 4
e 7477 1805 4
e 7477 1806 10
e 7478 1806 10
e 7478 126 2
e 7479 126 3
e 7479 127 10
e 7480 127 8
e 7480 1009 2
e 7481 1009 1
e 7481 426 3
e 7482 427 5
e 7482 480 9
e 7483 480 2
e 7483 481 8
e 7484 481 2
e 7484 3589 8
e 7485 3589 6
e 7485 77 3
e 7486 77 5
e 7486 78 3
e 7487 78 2
e 7487 1585 5
e 7488 1585 10
e 7488 1586 6
e 7489 1586 6
e 7489 1177 2
e 7490 1144 2
e 7490 883 3
e 7491 883 8
e 7491 884 5
e 7492 884 8
e 7492 727 5
e 7493 727 8
e 7493 728 3
e 7494 728 2
e 7494 190 10
e 7495 190 8
e 7495 191 1
e 7496 191 6
e 7496 715 5
e 7497 715 7
e 7497 3461 7
e 7498 3461 10
e 7498 23 3
e 7499 23 8
e 7499 24 6
e 7500 24 9
e 7500 2048 10
e 7501 2048 6
e 7501 2049 6
e 7502 2049 2
e 7502 3142 7
e 7503 3142 9
e 7503 2927 8
e 7504 2927 5
e 7504 2928 1
e 7505 2928 10
e 7505 1817 1
e 7506 1817 4
e 7506 1818 9
e 7507 1818 1
e 7507 559 3
e 7508 559 2
e 7508 560 5
e 7509 560 7
e 7509 2901 3
e 7510 2901 10
e 7510 2496 7
e 7511 2496 2
e 7511 144 4
e 7512 144 7
e 7512 145 8
e 7513 145 2
e 7513 864 6
e 7514 864 8
e 7514 1677 8
e 7515 1677 9
e 7515 893 8
e 7516 893 2
e 7516 894 2
e 7517 894 3
e 7517 687 2
e 7518 687 7
e 7518 688 7
e 7519 688 4
e 7519 768 7
e 7520 768 6
e 7520 1082 2
e 7521 1082 6
e 7521 471 6
e 7522 471 10
e 7522 472 8
e 7523 472 4
e 7523 3278 8
e 7524 3278 2
e 7524 2613 5
e 7525 2613 8
e 7525 2080 1
e 7526 2080 9
e 7526 2081 3
e 7527 2081 8
e 7527 1422 3
e 7528 1422 4
e 7528 1423 6
e 7529 1423 10
e 7529 3176 1
e 7530 3176 10
e 7530 3177 7
e 7531 3177 1
e 7531 2992 6
e 7532 2992 7
e 7532 2993 8
e 7533 2993 4
e 7533 3622 1
e 7534 3622 4
e 7534 280 1
e 7535 281 7
e 7535 1031 5
e 7536 1031 5
e 7536 1032 3
e 7537 1032 2
e 7537 1953 3
e 7538 1953 2
e 7538 417 5
e 7539 417 7
e 7539 418 2
e 7540 418 5
e 7540 1545 8
e 7541 1545 7
e 7541 1546 9
e 7542 1546 4
e 7542 3928 5
e 7543 3928 3
e 7543 3976 1
e 7544 3976 2
e 7544 3710 7
e 7545 3710 6
e 7545 3325 5
e 7546 3325 3
e 7546 3326 4
e 7547 3326 6
e 7547 2072 7
e 7548 2072 8
e 7548 2073 8
e 7549 2073 9
e 7549 1410 3
e 7550 1410 7
e 7550 1411 6
e 7551 1411 10
e 7551 3919 7
e 7552 3919 1
e 7552 3774 9
e 7553 3774 10
e 7553 2006 4
e 7554 2006 2
e 7554 2007 10
e 7555 2007 10
e 7555 3130 3
e 7556 3130 6
e 7556 2643 6
e 7557 2643 1
e 7557 1976 3
e 7558 1976 8
e 7558 1287 3
e 7559 1287 8
e 7559 845 6
e 7560 845 2
e 7560 846 7
e 7561 846 5
e 7561 2290 9
e 7562 2290 1
e 7562 358 8
e 7563 358 3
e 7563 359 8
e 7564 359 10
e 7564 1350 2
e 7565 1350 1
e 7565 1415 4
e 7566 1415 4
e 7566 498 7
e 7567 498 9
e 7567 499 3
e 7568 499 10
e 7568 408 7
e 7569 408 4
e 7569 409 6
e 7570 409 4
e 7570 1596 4
e 7571 1596 10
e 7571 2324 1
e 7572 2324 6
e 7572 667 6
e 7573 667 1
e 7573 516 5
e 7574 516 5
e 7574 517 9
e 7575 517 2
e 7575 2193 8
e 7576 2193 8
e 7576 2527 7
e 7577 2527 7
e 7577 181 6
e 7578 181 6
e 7578 182 9
e 7579 182 7
e 7579 2980 9
e 7580 2980 6
e 7580 2981 2
e 7581 2981 3
e 7581 2384 8
e 7582 2384 7
e 7582 828 6
e 7583 828 3
e 7583 829 9
e 7584 829 10
e 7584 3258 3
e 7585 3258 9
e 7585 244 7
e 7586 244 7
e 7586 245 5
e 7587 245 7
e 7587 4071 5
e 7588 4071 10
e 7588 1475 2
e 7589 1475 2
e 7589 1476 2
e 7590 1476 2
e 7590 1316 1
e 7591 1316 10
e 7591 1317 7
e 7592 1317 2
e 7592 2030 8
e 7593 2030 10
e 7593 2031 9
e 7594 2031 2
e 7594 1558 8
e 7595 1558 9
e 7595 162 10
e 7596 162 1
e 7596 163 5
e 7597 163 7
e 7597 3885 4
e 7598 3885 4
e 7598 2779 8
e 7599 2779 9
e 7599 2780 7
e 7600 2780 2
e 7600 3285 4
e 7601 3285 8
e 7601 1550 2
e 7602 1550 6
e 7602 933 8
e 7603 933 7
e 7603 934 7
e 7604 934 1
e 7604 2135 6
e 7605 2135 4
e 7605 588 9
e 7606 588 5
e 7606 589 5
e 7607 3663 5
e 7607 3537 5
e 7608 3537 7
e 7608 1620 4
e 7609 1620 1
e 7609 1621 7
e 7610 2707 1
e 7610 1196 1
e 7611 1196 1
e 7611 1197 3
e 7612 1197 6
e 7612 2916 9
e 7613 2916 10
e 7613 2917 6
e 7614 2917 6
e 7614 2251 3
e 7615 2251 10
e 7615 2252 7
e 7616 2252 4
e 7616 2318 9
e 7617 2318 7
e 7617 1094 4
e 7618 1094 10
e 7618 260 7
e 7619 260 1
e 7619 261 10
e 7620 261 7
e 7620 337 3
e 7621 337 7
e 7621 3445 3
e 7622 3445 7
e 7622 1336 6
e 7623 1336 9
e 7623 1337 3
e 7624 1337 7
e 7624 2600 4
e 7625 2600 2
e 7625 1852 3
e 7626 1852 9
e 7626 1853 2
e 7627 1853 10
e 7627 3201 7
e 7628 3201 5
e 7628 2816 9
e 7629 2816 3
e 7629 2684 6
e 7630 2684 4
e 7630 2685 2
e 7631 2685 2
e 7631 2953 1
e 7632 2953 7
e 7632 2954 1
e 7633 2954 10
e 7633 239 3
e 7634 239 1
e 7634 240 10
e 7635 240 9
e 7635 1229 2
e 7636 1229 10
e 7636 1230 7
e 7637 1230 1
e 7637 2341 3
e 7638 2341 8
e 7638 2342 6
e 7639 2342 3
e 7639 2876 4
e 7640 2876 4
e 7640 3213 5
e 7641 3213 4
e 7641 2098 9
e 7642 2098 4
e 7642 1906 7
e 7643 1906 5
e 7643 610 1
e 7644 610 5
e 7644 537 2
e 7645 537 3
e 7645 538 1
e 7646 538 10
e 7646 2076 2
e 7647 2076 2
e 7647 2010 8
e 7648 2010 10
e 7648 2011 2
e 7649 2011 2
e 7649 2767 3
e 7650 2767 5
e 7650 3231 5
e 7651 3231 3
e 7651 2646 2
e 7652 2646 2
e 7652 1979 8
e 7653 1979 6
e 7653 1980 4
e 7654 1980 7
e 7654 3910 2
e 7655 3910 8
e 7655 2812 1
e 7656 2812 7
e 7656 2661 2
e 7657 2661 8
e 7657 2662 2
e 7658 2662 4
e 7658 2737 7
e 7659 2737 7
e 7659 298 6
e 7660 298 8
e 7660 299 3
e 7661 299 3
e 7661 1875 5
e 7662 1875 1
e 7662 2196 3
e 7663 2196 10
e 7663 2197 10
e 7664 2197 1
e 7664 3790 2
e 7665 3790 6
e 7665 2887 6
e 7666 2887 8
e 7666 1507 10
e 7667 1507 10
e 7667 1508 9
e 7668 1508 1
e 7668 2673 3
e 7669 2673 9
e 7669 3261 5
e 7670 3261 2
e 7670 3262 4
e 7671 3262 10
e 7671 375 1
e 7672 375 9
e 7672 376 1
e 7673 376 9
e 7673 3398 9
e 7674 3398 3
e 7674 3399 4
e 7675 3399 6
e 7675 311 2
e 7676 311 4
e 7676 312 1
e 7677 312 6
e 7677 1480 3
e 7678 1480 4
e 7678 2962 2
e 7679 2962 3
e 7679 1750 5
e 7680 1750 5
e 7680 1751 8
e 7681 1751 4
e 7681 4102 2
e 7682 4102 6
e 7682 4103 9
e 7683 4103 5
e 7683 4315 8
e 7684 4315 8
e 7684 937 7
e 7685 937 9
e 7685 938 7
e 7686 938 4
e 7686 2423 5
e 7687 2423 3
e 7687 270 4
e 7688 270 5
e 7688 271 7
e 7689 271 2
e 7689 3084 10
e 7690 3084 10
e 7690 3085 5
e 7691 3085 3
e 7691 27 4
e 7692 27 8
e 7692 28 7
e 7693 28 8
e 7693 2052 7
e 7694 4127 10
e 7694 1200 5
e 7695 1200 6
e 7695 1201 10
e 7696 1201 2
e 7696 1040 10
e 7697 1040 7
e 7697 1041 7
e 7698 1041 4
e 7698 2109 10
e 7699 2109 6
e 7699 2923 6
e 7700 2923 2
e 7700 722 8
e 7701 722 3
e 7701 723 1
e 7702 723 9
e 7702 3186 5
e 7703 3186 10
e 7703 3187 7
e 7704 3187 5
e 7704 1005 10
e 7705 1005 9
e 7705 915 6
e 7706 915 7
e 7706 916 1
e 7707 916 2
e 7707 40 3
e 7708 40 6
e 7708 41 7
e 7709 41 3
e 7709 2801 6
e 7710 2801 4
e 7710 3046 2
e 7711 3046 4
e 7711 388 6
e 7712 388 6
e 7712 389 3
e 7713 389 6
e 7713 1459 2
e 7714 1459 1
e 7714 1460 6
e 7715 1460 1
e 7715 995 6
e 7716 995 4
e 7716 996 8
e 7717 996 10
e 7717 2407 6
e 7718 2407 4
e 7718 2408 9
e 7719 2408 2
e 7719 121 7
e 7720 121 5
e 7720 122 10
e 7721 122 4
e 7721 86 9
e 7722 86 4
e 7722 87 2
e 7723 87 9
e 7723 1616 5
e 7724 1616 10
e 7724 678 2
e 7725 678 10
e 7725 679 7
e 7726 679 7
e 7726 2581 6
e 7727 2581 6
e 7727 463 4
e 7728 463 4
e 7728 393 1
e 7729 393 8
e 7729 394 8
e 7730 394 1
e 7730 72 5
e 7731 72 7
e 7731 73 2
e 7732 73 2
e 7732 1727 8
e 7733 1727 3
e 7733 1241 10
e 7734 1241 6
e 7734 1242 10
e 7735 1242 7
e 7735 2688 4
e 7736 2688 10
e 7736 2277 1
e 7737 2277 5
e 7737 2278 1
e 7738 2278 10
e 7738 1629 1
e 7739 1629 8
e 7739 1630 5
e 7740 1630 3
e 7740 3382 7
e 7741 3382 1
e 7741 2102 9
e 7742 2102 9
e 7742 212 1
e 7743 212 6
e 7743 213 1
e 7744 213 2
e 7744 1882 8
e 7745 1882 2
e 7745 2336 7
e 7746 2336 5
e 7746 2337 5
e 7747 2337 6
e 7747 1779 6
e 7748 1779 7
e 7748 983 2
e 7749 983 9
e 7749 984 6
e 7750 984 8
e 7750 1657 10
e 7751 1657 1
e 7751 1397 7
e 7752 1397 5
e 7752 1398 8
e 7753 1398 8
e 7753 1309 2
e 7754 1309 6
e 7754 613 10
e 7755 613 2
e 7755 614 1
e 7756 614 4
e 7756 2167 1
e 7757 2167 1
e 7757 2713 3
e 7758 2713 2
e 7758 541 6
e 7759 541 7
e 7759 542 4
e 7760 542 3
e 7760 229 2
e 7761 229 4
e 7761 230 6
e 7762 230 9
e 7762 2085 1
e 7763 2085 1
e 7763 55 5
e 7764 55 1
e 7764 56 2
e 7765 56 1
e 7765 3599 5
e 7766 3599 2
e 7766 2842 5
e 7767 2842 6
e 7767 2150 10
e 7768 2150 7
e 7768 2151 5
e 7769 2151 3
e 7769 171 3
e 7770 171 10
e 7770 172 8
e 7771 172 2
e 7771 2519 3
e 7772 2519 6
e 7772 3497 3
e 7773 3497 10
e 7773 1717 7
e 7774 1717 8
e 7774 1487 2
e 7775 1487 9
e 7775 1488 9
e 7776 1488 4
e 7776 1106 10
e 7777 1106 8
e 7777 814 8
e 7778 814 5
e 7778 815 6
e 7779 815 8
e 7779 3346 4
e 7780 3346 2
e 7780 1217 5
e 7781 1217 5
e 7781 1000 2
e 7782 1000 6
e 7782 1001 9
e 7783 1001 4
e 7783 1796 4
e 7784 1796 2
e 7784 801 2
e 7785 801 8
e 7785 802 1
e 7786 802 4
e 7786 1525 1
e 7787 1525 4
e 7787 3336 8
e 7788 3336 7
e 7788 3123 4
e 7789 3123 8
e 7789 1791 2
e 7790 1791 6
e 7790 1792 4
e 7791 1792 10
e 7791 2212 9
e 7792 2212 9
e 7792 906 6
e 7793 906 5
e 7793 907 8
e 7794 907 3
e 7794 2380 9
e 7795 2380 2
e 7795 2549 3
e 7796 2549 4
e 7796 2449 6
e 7797 2449 7
e 7797 2450 8
e 7798 2450 10
e 7798 637 9
e 7799 637 4
e 7799 45 7
e 7800 45 4
e 7800 46 2
e 7801 46 5
e 7801 1845 7
e 7802 1845 3
e 7802 3626 5
e 7803 3626 10
e 7803 3627 2
e 7804 3627 3
e 7804 4005 8
e 7805 4005 2
e 7805 1373 2
e 7806 1373 4
e 7806 1374 1
e 7807 1374 8
e 7807 3946 3
e 7808 3946 5
e 7808 710 1
e 7809 710 8
e 7809 711 9
e 7810 711 8
e 7810 99 6
e 7811 99 5
e 7811 100 2
e 7812 100 9
e 7812 3525 2
e 7813 3525 6
e 7813 2485 7
e 7814 2485 4
e 7814 2432 3
e 7815 2432 7
e 7815 315 9
e 7816 315 7
e 7816 316 9
e 7817 316 6
e 7817 1483 1
e 7818 1483 8
e 7818 2332 5
e 7819 2332 6
e 7819 550 2
e 7820 550 1
e 7820 551 7
e 7821 551 7
e 7821 3744 4
e 7822 3744 5
e 7822 649 4
e 7823 649 7
e 7823 650 3
e 7824 650 10
e 7824 951 5
e 7825 951 9
e 7825 450 10
e 7826 450 8
e 7826 451 9
e 7827 451 7
e 7827 902 2
e 7828 902 1
e 7828 1809 4
e 7829 1809 2
e 7829 1810 4
e 7830 1810 2
e 7830 130 1
e 7831 130 1
e 7831 131 10
e 7832 131 5
e 7832 1282 4
e 7833 1282 2
e 7833 1283 9
e 7834 1283 2
e 7834 1683 5
e 7835 1683 4
e 7835 484 10
e 7836 484 7
e 7836 485 7
e 7837 485 7
e 7837 583 2
e 7838 583 4
e 7838 584 5
e 7839 584 8
e 7839 1589 4
e 7840 1589 3
e 7840 1590 4
e 7841 1590 6
e 7841 1710 5
e 7842 1710 10
e 7842 1147 5
e 7843 1147 1
e 7843 1148 2
e 7844 1148 3
e 7844 1769 9
e 7845 1769 10
e 7845 731 8
e 7846 731 5
e 7846 732 4
e 7847 732 3
e 7847 736 6
e 7848 736 2
e 7848 194 3
e 7849 194 3
e 7849 195 6
e 7850 195 8
e 7850 2361 3
e 7851 2361 1
e 7851 3464 8
e 7852 3464 7
e 7852 3960 6
e 7853 3960 1
e 7853 1800 3
e 7854 1800 5
e 7854 1801 2
e 7855 1801 3
e 7855 1895 1
e 7856 1895 10
e 7856 2931 6
e 7857 2931 8
e 7857 2932 10
e 7858 2932 1
e 7858 1821 8
e 7859 1821 4
e 7859 1822 8
e 7860 1822 2
e 7860 764 1
e 7861 764 1
e 7861 563 10
e 7862 563 5
e 7862 564 4
e 7863 564 9
e 7863 2499 9
e 7864 2499 3
e 7864 148 3
e 7865 148 2
e 7865 149 2
e 7866 149 5
e 7866 153 6
e 7867 153 8
e 7867 154 8
e 7868 154 6
e 7868 2958 9
e 7869 2958 5
e 7869 1464 8
e 7870 1464 5
e 7870 1465 6
e 7871 1465 8
e 7871 897 1
e 7872 897 6
e 7872 898 5
e 7873 898 6
e 7873 1305 9
e 7874 1305 10
e 7874 1017 8
e 7875 1017 2
e 7875 1018 5
e 7876 1018 9
e 7876 2553 1
e 7877 2553 3
e 7877 2554 7
e 7878 2554 4
e 7878 771 3
e 7879 771 6
e 7879 772 8
e 7880 772 1
e 7880 1085 4
e 7881 1085 10
e 7881 3063 7
e 7882 3063 6
e 7882 2346 4
e 7883 2346 2
e 7883 1661 4
e 7884 1661 7
e 7884 759 2
e 7885 759 5
e 7885 760 9
e 7886 760 8
e 7886 1140 9
e 7887 1140 3
e 7887 1469 5
e 7888 1469 6
e 7888 2113 6
e 7889 2113 7
e 7889 696 10
e 7890 696 7
e 7890 697 5
e 7891 697 5
e 7891 1426 4
e 7892 1426 1
e 7892 2996 10
e 7893 2996 9
e 7893 2997 6
e 7894 2997 10
e 7894 3781 2
e 7895 3781 7
e 7895 806 8
e 7896 806 10
e 7896 363 6
e 7897 363 5
e 7897 341 2
e 7898 341 1
e 7898 342 8
e 7899 342 3
e 7899 1938 8
e 7900 1938 3
e 7900 1184 9
e 7901 1184 5
e 7901 1185 10
e 7902 1956 9
e 7902 421 3
e 7903 421 5
e 7903 422 8
e 7904 422 5
e 7904 1098 2
e 7905 1098 5
e 7905 1099 1
e 7906 1099 8
e 7906 3931 1
e 7907 3931 4
e 7907 3713 5
e 7908 3713 10
e 7908 3329 2
e 7909 3329 1
e 7909 3330 8
e 7910 3330 5
e 7910 4054 1
e 7911 4054 7
e 7911 2489 6
e 7912 2489 1
e 7912 2490 1
e 7913 2490 5
e 7913 3748 3
e 7914 3748 6
e 7914 3238 5
e 7915 3238 9
e 7915 265 9
e 7916 265 3
e 7916 266 2
e 7917 266 5
e 7917 50 3
e 7918 50 4
e 7918 51 7
e 7919 51 10
e 7919 1290 2
e 7920 1290 5
e 7920 849 4
e 7921 849 1
e 7921 850 8
e 7922 850 6
e 7922 1026 4
e 7923 1026 7
e 7923 1027 7
e 7924 1027 7
e 7924 1353 2
e 7925 1353 5
e 7925 1354 5
e 7926 1354 10
e 7926 2859 5
e 7927 2859 3
e 7927 1418 10
e 7928 1418 7
e 7928 502 6
e 7929 502 10
e 7929 503 3
e 7930 503 4
e 7930 2365 5
e 7931 2365 3
e 7931 2366 7
e 7932 2366 9
e 7932 412 4
e 7933 412 5
e 7933 413 5
e 7934 413 2
e 7934 1599 5
e 7935 1599 10
e 7935 2327 8
e 7936 2327 9
e 7936 2328 3
e 7937 2328 7
e 7937 3035 7
e 7938 3035 2
e 7938 670 3
e 7939 670 9
e 7939 302 8
e 7940 302 6
e 7940 303 9
e 7941 303 6
e 7941 176 8
e 7942 176 6
e 7942 177 7
e 7943 177 8
e 7943 2200 7
e 7944 2200 7
e 7944 2201 8
e 7945 2201 1
e 7945 185 9
e 7946 185 1
e 7946 186 7
e 7947 186 2
e 7947 2905 3
e 7948 2905 10
e 7948 2906 5
e 7949 2906 4
e 7949 3451 10
e 7950 3451 9
e 7950 2387 6
e 7951 2387 3
e 7951 832 10
e 7952 832 9
e 7952 833 10
e 7953 833 5
e 7953 4112 1
e 7954 4112 7
e 7954 1511 3
e 7955 1511 7
e 7955 1512 1
e 7956 1512 8
e 7956 2589 9
e 7957 2589 8
e 7957 3455 1
e 7958 3455 2
e 7958 3698 1
e 7959 3698 5
e 7959 1115 2
e 7960 1115 6
e 7960 1116 10
e 7961 1116 2
e 7961 2442 5
e 7962 2442 10
e 7962 859 8
e 7963 859 6
e 7963 860 1
e 7964 860 2
e 7964 1320 10
e 7965 1320 9
e 7965 1321 1
e 7966 1321 4
e 7966 1603 9
e 7967 1603 3
e 7967 1561 9
e 7968 1561 8
e 7968 166 3
e 7969 166 4
e 7969 167 3
e 7970 167 5
e 7970 2285 5
e 7971 2285 1
e 7971 2286 8
e 7972 2286 10
e 7972 3288 4
e 7973 3288 2
e 7973 941 2
e 7974 941 1
e 7974 942 3
e 7975 942 10
e 7975 1132 2
e 7976 1132 9
e 7976 592 2
e 7977 592 4
e 7977 593 4
e 7978 593 2
e 7978 1362 8
e 7979 1362 1
e 7979 398 9
e 7980 398 8
e 7980 399 7
e 7981 399 1
e 7981 1069 2
e 7982 2727 5
e 7982 2728 7
e 7983 2728 8
e 7983 3038 3
e 7984 2480 4
e 7984 2481 9
e 7985 2481 5
e 7985 2238 10
e 7986 2238 8
e 7986 2239 10
e 7987 2239 2
e 7987 3296 7
e 7988 3296 3
e 7988 3297 1
e 7989 3297 3
e 7989 3970 3
e 7990 3970 4
e 7990 545 3
e 7991 545 9
e 7991 546 9
e 7992 546 4
e 7992 2281 8
e 7993 2281 8
e 7993 2972 5
e 7994 2972 5
e 7994 1783 2
e 7995 1783 10
e 7995 1125 8
n 1 0
n 2 0
n 3 0
n 4 0
n 5 0
n 6 0
n 7 0
n 8 0
n 9 0
n 10 0
n 11 0
n 12 0
n 13 0
n 14 0
n 15 0
n 16 0
n 17 0
n 18 0
n 19 0
n 20 0
n 21 0
n 22 0
n 23 0
n 24 0
n 25 0
n 26 0
n 27 0
n 28 0
n 29 0
n 30 0
n 31 0
n 32 0
n 33 0
n 34 0
n 35 0
n 36 0
n 37 0
n 38 0
n 39 0
n 40 0
n 41 0
n 42 0
n 43 0
n 44 0
n 45 0
n 46 0
n 47 0
n 48 0
n 49 0
n 50 0
n 51 0
n 52 0
n 53 0
n 54 0
n 55 0
n 56 0
n 57 0
n 58 0
n 59 0
n 60 0
n 61 0
n 62 0
n 63 0
n 64 0
n 65 0
n 66 0
n 67 0
n 68 0
n 69 0
n 70 0
n 71 0
n 72 0
n 73 0
n 74 0
n 75 0
n 76 0
n 77 0
n 78 0
n 79 0
n 80 0
n 81 0
n 82 0
n 83 0
n 84 0
n 85 0
n 86 0
n 87 0
n 88 0
n 89 0
n 90 0
n 91 0
n 92 0
n 93 0
n 94 0
n 95 0
n 96 0
n 97 0
n 98 0
n 99 0
n 100 0
n 101 0
n 102 0
n 103 0
n 104 0
n 105 0
n 106 0
n 107 0
n 108 0
n 109 0
n 110 0
n 111 0
n 112 0
n 113 0
n 114 0
n 115 0
n 116 0
n 117 0
n 118 0
n 119 0
n 120 0
n 121 0
n 122 0
n 123 0
n 124 0
n 125 0
n 126 0
n 127 0
n 128 0
n 129 0
n 130 0
n 131 0
n 132 0
n 133 0
n 134 0
n 135 0
n 136 0
n 137 0
n 138 0
n 139 0
n 140 0
n 141 0
n 142 0
n 143 0
n 144 0
n 145 0
n 146 0
n 147 0
n 148 0
n 149 0
n 150 0
n 151 0
n 152 0
n 153 0
n 154 0
n 155 0
n 156 0
n 157 0
n 158 0
n 159 0
n 160 0
n 161 0
n 162 0
n 163 0
n 164 0
n 165 0
n 166 0
n 167 0
n 168 0
n 169 0
n 170 0
n 171 0
n 172 0
n 173 0
n 174 0
n 175 0
n 176 0
n 177 0
n 178 0
n 179 0
n 180 0
n 181 0
n 182 0
n 183 0
n 184 0
n 185 0
n 186 0
n 187 0
n 188 0
n 189 0
n 190 0
n 191 0
n 192 0
n 193 0
n 194 0
n 195 0
n 196 0
n 197 0
n 198 0
n 199 0
n 200 0
n 201 0
n 202 0
n 203 0
n 204 0
n 205 0
n 206 0
n 207 0
n 208 0
n 209 0
n 210 0
n 211 0
n 212 0
n 213 0
n 214 0
n 215 0
n 216 0
n 217 0
n 218 0
n 219 0
n 220 0
n 221 0
n 222 0
n 223 0
n 224 0
n 225 0
n 226 0
n 227 0
n 228 0
n 229 0
n 230 0
n 231 0
n 232 0
n 233 0
n 234 0
n 235 0
n 236 0
n 237 0
n 238 0
n 239 0
n 240 0
n 241 0
n 242 0
n 243 0
n 244 0
n 245 0
n 246 0
n 247 0
n 248 0
n 249 0
n 250 0
n 251 0
n 252 0
n 253 0
n 254 0
n 255 0
n 256 0
n 257 0
n 258 0
n 259 0
n 260 0
n 261 0
n 262 0
n 263 0
n 264 0
n 265 0
n 266 0
n 267 0
n 268 0
n 269 0
n 270 0
n 271 0
n 272 0
n 273 0
n 274 0
n 275 0
n 276 0
n 277 0
n 278 0
n 279 0
n 280 0
n 281 0
n 282 0
n 283 0
n 284 0
n 285 0
n 286 0
n 287 0
n 288 0
n 289 0
n 290 0
n 291 0
n 292 0
n 293 0
n 294 0
n 295 0
n 296 0
n 297 0
n 298 0
n 299 0
n 300 0
n 301 0
n 302 0
n 303 0
n 304 0
n 305 0
n 306 0
n 307 0
n 308 0
n 309 0
n 310 0
n 311 0
n 312 0
n 313 0
n 314 0
n 315 0
n 316 0
n 317 0
n 318 0
n 319 0
n 320 0
n 321 0
n 322 0
n 323 0
n 324 0
n 325 0
n 326 0
n 327 0
n 328 0
n 329 0
n 330 0
n 331 0
n 332 0
n 333 0
n 334 0
n 335 0
n 336 0
n 337 0
n 338 0
n 339 0
n 340 0
n 341 0
n 342 0
n 343 0
n 344 0
n 345 0
n 346 0
n 347 0
n 348 0
n 349 0
n 350 0
n 351 0
n 352 0
n 353 0
n 354 0
n 355 0
n 356 0
n 357 0
n 358 0
n 359 0
n 360 0
n 361 0
n 362 0
n 363 0
n 364 0
n 365 0
n 366 0
n 367 0
n 368 0
n 369 0
n 370 0
n 371 0
n 372 0
n 373 0
n 374 0
n 375 0
n 376 0
n 377 0
n 378 0
n 379 0
n 380 0
n 381 0
n 382 0
n 383 0
n 384 0
n 385 0
n 386 0
n 387 0
n 388 0
n 389 0
n 390 0
n 391 0
n 392 0
n 393 0
n 394 0
n 395 0
n 396 0
n 397 0
n 398 0
n 399 0
n 400 0
n 401 0
n 402 0
n 403 0
n 404 0
n 405 0
n 406 0
n 407 0
n 408 0
n 409 0
n 410 0
n 411 0
n 412 0
n 413 0
n 414 0
n 415 0
n 416 0
n 417 0
n 418 0
n 419 0
n 420 0
n 421 0
n 422 0
n 423 0
n 424 0
n 425 0
n 426 0
n 427 0
n 428 0
n 429 0
n 430 0
n 431 0
n 432 0
n 433 0
n 434 0
n 435 0
n 436 0
n 437 0
n 438 0
n 439 0
n 440 0
n 441 0
n 442 0
n 443 0
n 444 0
n 445 0
n 446 0
n 447 0
n 448 0
n 449 0
n 450 0
n 451 0
n 452 0
n 453 0
n 454 0
n 455 0
n 456 0
n 457 0
n 458 0
n 459 0
n 460 0
n 461 0
n 462 0
n 463 0
n 464 0
n 465 0
n 466 0
n 467 0
n 468 0
n 469 0
n 470 0
n 471 0
n 472 0
n 473 0
n 474 0
n 475 0
n 476 0
n 477 0
n 478 0
n 479 0
n 480 0
n 481 0
n 482 0
n 483 0
n 484 0
n 485 0
n 486 0
n 487 0
n 488 0
n 489 0
n 490 0
n 491 0
n 492 0
n 493 0
n 494 0
n 495 0
n 496 0
n 497 0
n 498 0
n 499 0
n 500 0
n 501 0
n 502 0
n 503 0
n 504 0
n 505 0
n 506 0
n 507 0
n 508 0
n 509 0
n 510 0
n 511 0
n 512 0
n 513 0
n 514 0
n 515 0
n 516 0
n 517 0
n 518 0
n 519 0
n 520 0
n 521 0
n 522 0
n 523 0
n 524 0
n 525 0
n 526 0
n 527 0
n 528 0
n 529 0
n 530 0
n 531 0
n 532 0
n 533 0
n 534 0
n 535 0
n 536 0
n 537 0
n 538 0
n 539 0
n 540 0
n 541 0
n 542 0
n 543 0
n 544 0
n 545 0
n 546 0
n 547 0
n 548 0
n 549 0
n 550 0
n 551 0
n 552 0
n 553 0
n 554 0
n 555 0
n 556 0
n 557 0
n 558 0
n 559 0
n 560 0
n 561 0
n 562 0
n 563 0
n 564 0
n 565 0
n 566 0
n 567 0
n 568 0
n 569 0
n 570 0
n 571 0
n 572 0
n 573 0
n 574 0
n 575 0
n 576 0
n 577 0
n 578 0
n 579 0
n 580 0
n 581 0
n 582 0
n 583 0
n 584 0
n 585 0
n 586 0
n 587 0
n 588 0
n 589 0
n 590 0
n 591 0
n 592 0
n 593 0
n 594 0
n 595 0
n 596 0
n 597 0
n 598 0
n 599 0
n 600 0
n 601 0
n 602 0
n 603 0
n 604 0
n 605 0
n 606 0
n 607 0
n 608 0
n 609 0
n 610 0
n 611 0
n 612 0
n 613 0
n 614 0
n 615 0
n 616 0
n 617 0
n 618 0
n 619 0
n 620 0
n 621 0
n 622 0
n 623 0
n 624 0
n 625 0
n 626 0
n 627 0
n 628 0
n 629 0
n 630 0
n 631 0
n 632 0
n 633 0
n 634 0
n 635 0
n 636 0
n 637 0
n 638 0
n 639 0
n 640 0
n 641 0
n 642 0
n 643 0
n 644 0
n 645 0
n 646 0
n 647 0
n 648 0
n 649 0
n 650 0
n 651 0
n 652 0
n 653 0
n 654 0
n 655 0
n 656 0
n 657 0
n 658 0
n 659 0
n 660 0
n 661 0
n 662 0
n 663 0
n 664 0
n 665 0
n 666 0
n 667 0
n 668 0
n 669 0
n 670 0
n 671 0
n 672 0
n 673 0
n 674 0
n 675 0
n 676 0
n 677 0
n 678 0
n 679 0
n 680 0
n 681 0
n 682 0
n 683 0
n 684 0
n 685 0
n 686 0
n 687 0
n 688 0
n 689 0
n 690 0
n 691 0
n 692 0
n 693 0
n 694 0
n 695 0
n 696 0
n 697 0
n 698 0
n 699 0
n 700 0
n 701 0
n 702 0
n 703 0
n 704 0
n 705 0
n 706 0
n 707 0
n 708 0
n 709 0
n 710 0
n 711 0
n 712 0
n 713 0
n 714 0
n 715 0
n 716 0
n 717 0
n 718 0
n 719 0
n 720 0
n 721 0
n 722 0
n 723 0
n 724 0
n 725 0
n 726 0
n 727 0
n 728 0
n 729 0
n 730 0
n 731 0
n 732 0
n 733 0
n 734 0
n 735 0
n 736 0
n 737 0
n 738 0
n 739 0
n 740 0
n 741 0
n 742 0
n 743 0
n 744 0
n 745 0
n 746 0
n 747 0
n 748 0
n 749 0
n 750 0
n 751 0
n 752 0
n 753 0
n 754 0
n 755 0
n 756 0
n 757 0
n 758 0
n 759 0
n 760 0
n 761 0
n 762 0
n 763 0
n 764 0
n 765 0
n 766 0
n 767 0
n 768 0
n 769 0
n 770 0
n 771 0
n 772 0
n 773 0
n 774 0
n 775 0
n 776 0
n 777 0
n 778 0
n 779 0
n 780 0
n 781 0
n 782 0
n 783 0
n 784 0
n 785 0
n 786 0
n 787 0
n 788 0
n 789 0
n 790 0
n 791 0
n 792 0
n 793 0
n 794 0
n 795 0
n 796 0
n 797 0
n 798 0
n 799 0
n 800 0
n 801 0
n 802 0
n 803 0
n 804 0
n 805 0
n 806 0
n 807 0
n 808 0
n 809 0
n 810 0
n 811 0
n 812 0
n 813 0
n 814 0
n 815 0
n 816 0
n 817 0
n 818 0
n 819 0
n 820 0
n 821 0
n 822 0
n 823 0
n 824 0
n 825 0
n 826 0
n 827 0
n 828 0
n 829 0
n 830 0
n 831 0
n 832 0
n 833 0
n 834 0
n 835 0
n 836 0
n 837 0
n 838 0
n 839 0
n 840 0
n 841 0
n 842 0
n 843 0
n 844 0
n 845 0
n 846 0
n 847 0
n 848 0
n 849 0
n 850 0
n 851 0
n 852 0
n 853 0
n 854 0
n 855 0
n 856 0
n 857 0
n 858 0
n 859 0
n 860 0
n 861 0
n 862 0
n 863 0
n 864 0
n 865 0
n 866 0
n 867 0
n 868 0
n 869 0
n 870 0
n 871 0
n 872 0
n 873 0
n 874 0
n 875 0
n 876 0
n 877 0
n 878 0
n 879 0
n 880 0
n 881 0
n 882 0
n 883 0
n 884 0
n 885 0
n 886 0
n 887 0
n 888 0
n 889 0
n 890 0
n 891 0
n 892 0
n 893 0
n 894 0
n 895 0
n 896 0
n 897 0
n 898 0
n 899 0
n 900 0
n 901 0
n 902 0
n 903 0
n 904 0
n 905 0
n 906 0
n 907 0
n 908 0
n 909 0
n 910 0
n 911 0
n 912 0
n 913 0
n 914 0
n 915 0
n 916 0
n 917 0
n 918 0
n 919 0
n 920 0
n 921 0
n 922 0
n 923 0
n 924 0
n 925 0
n 926 0
n 927 0
n 928 0
n 929 0
n 930 0
n 931 0
n 932 0
n 933 0
n 934 0
n 935 0
n 936 0
n 937 0
n 938 0
n 939 0
n 940 0
n 941 0
n 942 0
n 943 0
n 944 0
n 945 0
n 946 0
n 947 0
n 948 0
n 949 0
n 950 0
n 951 0
n 952 0
n 953 0
n 954 0
n 955 0
n 956 0
n 957 0
n 958 0
n 959 0
n 960 0
n 961 0
n 962 0
n 963 0
n 964 0
n 965 0
n 966 0
n 967 0
n 968 0
n 969 0
n 970 0
n 971 0
n 972 0
n 973 0
n 974 0
n 975 0
n 976 0
n 977 0
n 978 0
n 979 0
n 980 0
n 981 0
n 982 0
n 983 0
n 984 0
n 985 0
n 986 0
n 987 0
n 988 0
n 989 0
n 990 0
n 991 0
n 992 0
n 993 0
n 994 0
n 995 0
n 996 0
n 997 0
n 998 0
n 999 0
n 1000 0
n 1001 0
n 1002 0
n 1003 0
n 1004 0
n 1005 0
n 1006 0
n 1007 0
n 1008 0
n 1009 0
n 1010 0
n 1011 0
n 1012 0
n 1013 0
n 1014 0
n 1015 0
n 1016 0
n 1017 0
n 1018 0
n 1019 0
n 1020 0
n 1021 0
n 1022 0
n 1023 0
n 1024 0
n 1025 0
n 1026 0
n 1027 0
n 1028 0
n 1029 0
n 1030 0
n 1031 0
n 1032 0
n 1033 0
n 1034 0
n 1035 0
n 1036 0
n 1037 0
n 1038 0
n 1039 0
n 1040 0
n 1041 0
n 1042 0
n 1043 0
n 1044 0
n 1045 0
n 1046 0
n 1047 0
n 1048 0
n 1049 0
n 1050 0
n 1051 0
n 1052 0
n 1053 0
n 1054 0
n 1055 0
n 1056 0
n 1057 0
n 1058 0
n 1059 0
n 1060 0
n 1061 0
n 1062 0
n 1063 0
n 1064 0
n 1065 0
n 1066 0
n 1067 0
n 1068 0
n 1069 0
n 1070 0
n 1071 0
n 1072 0
n 1073 0
n 1074 0
n 1075 0
n 1076 0
n 1077 0
n 1078 0
n 1079 0
n 1080 0
n 1081 0
n 1082 0
n 1083 0
n 1084 0
n 1085 0
n 1086 0
n 1087 0
n 1088 0
n 1089 0
n 1090 0
n 1091 0
n 1092 0
n 1093 0
n 1094 0
n 1095 0
n 1096 0
n 1097 0
n 1098 0
n 1099 0
n 1100 0
n 1101 0
n 1102 0
n 1103 0
n 1104 0
n 1105 0
n 1106 0
n 1107 0
n 1108 0
n 1109 0
n 1110 0
n 1111 0
n 1112 0
n 1113 0
n 1114 0
n 1115 0
n 1116 0
n 1117 0
n 1118 0
n 1119 0
n 1120 0
n 1121 0
n 1122 0
n 1123 0
n 1124 0
n 1125 0
n 1126 0
n 1127 0
n 1128 0
n 1129 0
n 1130 0
n 1131 0
n 1132 0
n 1133 0
n 1134 0
n 1135 0
n 1136 0
n 1137 0
n 1138 0
n 1139 0
n 1140 0
n 1141 0
n 1142 0
n 1143 0
n 1144 0
n 1145 0
n 1146 0
n 1147 0
n 1148 0
n 1149 0
n 1150 0
n 1151 0
n 1152 0
n 1153 0
n 1154 0
n 1155 0
n 1156 0
n 1157 0
n 1158 0
n 1159 0
n 1160 0
n 1161 0
n 1162 0
n 1163 0
n 1164 0
n 1165 0
n 1166 0
n 1167 0
n 1168 0
n 1169 0
n 1170 0
n 1171 0
n 1172 0
n 1173 0
n 1174 0
n 1175 0
n 1176 0
n 1177 0
n 1178 0
n 1179 0
n 1180 0
n 1181 0
n 1182 0
n 1183 0
n 1184 0
n 1185 0
n 1186 0
n 1187 0
n 1188 0
n 1189 0
n 1190 0
n 1191 0
n 1192 0
n 1193 0
n 1194 0
n 1195 0
n 1196 0
n 1197 0
n 1198 0
n 1199 0
n 1200 0
n 1201 0
n 1202 0
n 1203 0
n 1204 0
n 1205 0
n 1206 0
n 1207 0
n 1208 0
n 1209 0
n 1210 0
n 1211 0
n 1212 0
n 1213 0
n 1214 0
n 1215 0
n 1216 0
n 1217 0
n 1218 0
n 1219 0
n 1220 0
n 1221 0
n 1222 0
n 1223 0
n 1224 0
n 1225 0
n 1226 0
n 1227 0
n 1228 0
n 1229 0
n 1230 0
n 1231 0
n 1232 0
n 1233 0
n 1234 0
n 1235 0
n 1236 0
n 1237 0
n 1238 0
n 1239 0
n 1240 0
n 1241 0
n 1242 0
n 1243 0
n 1244 0
n 1245 0
n 1246 0
n 1247 0
n 1248 0
n 1249 0
n 1250 0
n 1251 0
n 1252 0
n 1253 0
n 1254 0
n 1255 0
n 1256 0
n 1257 0
n 1258 0
n 1259 0
n 1260 0
n 1261 0
n 1262 0
n 1263 0
n 1264 0
n 1265 0
n 1266 0
n 1267 0
n 1268 0
n 1269 0
n 1270 0
n 1271 0
n 1272 0
n 1273 0
n 1274 0
n 1275 0
n 1276 0
n 1277 0
n 1278 0
n 1279 0
n 1280 0
n 1281 0
n 1282 0
n 1283 0
n 1284 0
n 1285 0
n 1286 0
n 1287 0
n 1288 0
n 1289 0
n 1290 0
n 1291 0
n 1292 0
n 1293 0
n 1294 0
n 1295 0
n 1296 0
n 1297 0
n 1298 0
n 1299 0
n 1300 0
n 1301 0
n 1302 0
n 1303 0
n 1304 0
n 1305 0
n 1306 0
n 1307 0
n 1308 0
n 1309 0
n 1310 0
n 1311 0
n 1312 0
n 1313 0
n 1314 0
n 1315 0
n 1316 0
n 1317 0
n 1318 0
n 1319 0
n 1320 0
n 1321 0
n 1322 0
n 1323 0
n 1324 0
n 1325 0
n 1326 0
n 1327 0
n 1328 0
n 1329 0
n 1330 0
n 1331 0
n 1332 0
n 1333 0
n 1334 0
n 1335 0
n 1336 0
n 1337 0
n 1338 0
n 1339 0
n 1340 0
n 1341 0
n 1342 0
n 1343 0
n 1344 0
n 1345 0
n 1346 0
n 1347 0
n 1348 0
n 1349 0
n 1350 0
n 1351 0
n 1352 0
n 1353 0
n 1354 0
n 1355 0
n 1356 0
n 1357 0
n 1358 0
n 1359 0
n 1360 0
n 1361 0
n 1362 0
n 1363 0
n 1364 0
n 1365 0
n 1366 0
n 1367 0
n 1368 0
n 1369 0
n 1370 0
n 1371 0
n 1372 0
n 1373 0
n 1374 0
n 1375 0
n 1376 0
n 1377 0
n 1378 0
n 1379 0
n 1380 0
n 1381 0
n 1382 0
n 1383 0
n 1384 0
n 1385 0
n 1386 0
n 1387 0
n 1388 0
n 1389 0
n 1390 0
n 1391 0
n 1392 0
n 1393 0
n 1394 0
n 1395 0
n 1396 0
n 1397 0
n 1398 0
n 1399 0
n 1400 0
n 1401 0
n 1402 0
n 1403 0
n 1404 0
n 1405 0
n 1406 0
n 1407 0
n 1408 0
n 1409 0
n 1410 0
n 1411 0
n 1412 0
n 1413 0
n 1414 0
n 1415 0
n 1416 0
n 1417 0
n 1418 0
n 1419 0
n 1420 0
n 1421 0
n 1422 0
n 1423 0
n 1424 0
n 1425 0
n 1426 0
n 1427 0
n 1428 0
n 1429 0
n 1430 0
n 1431 0
n 1432 0
n 1433 0
n 1434 0
n 1435 0
n 1436 0
n 1437 0
n 1438 0
n 1439 0
n 1440 0
n 1441 0
n 1442 0
n 1443 0
n 1444 0
n 1445 0
n 1446 0
n 1447 0
n 1448 0
n 1449 0
n 1450 0
n 1451 0
n 1452 0
n 1453 0
n 1454 0
n 1455 0
n 1456 0
n 1457 0
n 1458 0
n 1459 0
n 1460 0
n 1461 0
n 1462 0
n 1463 0
n 1464 0
n 1465 0
n 1466 0
n 1467 0
n 1468 0
n 1469 0
n 1470 0
n 1471 0
n 1472 0
n 1473 0
n 1474 0
n 1475 0
n 1476 0
n 1477 0
n 1478 0
n 1479 0
n 1480 0
n 1481 0
n 1482 0
n 1483 0
n 1484 0
n 1485 0
n 1486 0
n 1487 0
n 1488 0
n 1489 0
n 1490 0
n 1491 0
n 1492 0
n 1493 0
n 1494 0
n 1495 0
n 1496 0
n 1497 0
n 1498 0
n 1499 0
n 1500 0
n 1501 0
n 1502 0
n 1503 0
n 1504 0
n 1505 0
n 1506 0
n 1507 0
n 1508 0
n 1509 0
n 1510 0
n 1511 0
n 1512 0
n 1513 0
n 1514 0
n 1515 0
n 1516 0
n 1517 0
n 1518 0
n 1519 0
n 1520 0
n 1521 0
n 1522 0
n 1523 0
n 1524 0
n 1525 0
n 1526 0
n 1527 0
n 1528 0
n 1529 0
n 1530 0
n 1531 0
n 1532 0
n 1533 0
n 1534 0
n 1535 0
n 1536 0
n 1537 0
n 1538 0
n 1539 0
n 1540 0
n 1541 0
n 1542 0
n 1543 0
n 1544 0
n 1545 0
n 1546 0
n 1547 0
n 1548 0
n 1549 0
n 1550 0
n 1551 0
n 1552 0
n 1553 0
n 1554 0
n 1555 0
n 1556 0
n 1557 0
n 1558 0
n 1559 0
n 1560 0
n 1561 0
n 1562 0
n 1563 0
n 1564 0
n 1565 0
n 1566 0
n 1567 0
n 1568 0
n 1569 0
n 1570 0
n 1571 0
n 1572 0
n 1573 0
n 1574 0
n 1575 0
n 1576 0
n 1577 0
n 1578 0
n 1579 0
n 1580 0
n 1581 0
n 1582 0
n 1583 0
n 1584 0
n 1585 0
n 1586 0
n 1587 0
n 1588 0
n 1589 0
n 1590 0
n 1591 0
n 1592 0
n 1593 0
n 1594 0
n 1595 0
n 1596 0
n 1597 0
n 1598 0
n 1599 0
n 1600 0
n 1601 0
n 1602 0
n 1603 0
n 1604 0
n 1605 0
n 1606 0
n 1607 0
n 1608 0
n 1609 0
n 1610 0
n 1611 0
n 1612 0
n 1613 0
n 1614 0
n 1615 0
n 1616 0
n 1617 0
n 1618 0
n 1619 0
n 1620 0
n 1621 0
n 1622 0
n 1623 0
n 1624 0
n 1625 0
n 1626 0
n 1627 0
n 1628 0
n 1629 0
n 1630 0
n 1631 0
n 1632 0
n 1633 0
n 1634 0
n 1635 0
n 1636 0
n 1637 0
n 1638 0
n 1639 0
n 1640 0
n 1641 0
n 1642 0
n 1643 0
n 1644 0
n 1645 0
n 1646 0
n 1647 0
n 1648 0
n 1649 0
n 1650 0
n 1651 0
n 1652 0
n 1653 0
n 1654 0
n 1655 0
n 1656 0
n 1657 0
n 1658 0
n 1659 0
n 1660 0
n 1661 0
n 1662 0
n 1663 0
n 1664 0
n 1665 0
n 1666 0
n 1667 0
n 1668 0
n 1669 0
n 1670 0
n 1671 0
n 1672 0
n 1673 0
n 1674 0
n 1675 0
n 1676 0
n 1677 0
n 1678 0
n 1679 0
n 1680 0
n 1681 0
n 1682 0
n 1683 0
n 1684 0
n 1685 0
n 1686 0
n 1687 0
n 1688 0
n 1689 0
n 1690 0
n 1691 0
n 1692 0
n 1693 0
n 1694 0
n 1695 0
n 1696 0
n 1697 0
n 1698 0
n 1699 0
n 1700 0
n 1701 0
n 1702 0
n 1703 0
n 1704 0
n 1705 0
n 1706 0
n 1707 0
n 1708 0
n 1709 0
n 1710 0
n 1711 0
n 1712 0
n 1713 0
n 1714 0
n 1715 0
n 1716 0
n 1717 0
n 1718 0
n 1719 0
n 1720 0
n 1721 0
n 1722 0
n 1723 0
n 1724 0
n 1725 0
n 1726 0
n 1727 0
n 1728 0
n 1729 0
n 1730 0
n 1731 0
n 1732 0
n 1733 0
n 1734 0
n 1735 0
n 1736 0
n 1737 0
n 1738 0
n 1739 0
n 1740 0
n 1741 0
n 1742 0
n 1743 0
n 1744 0
n 1745 0
n 1746 0
n 1747 0
n 1748 0
n 1749 0
n 1750 0
n 1751 0
n 1752 0
n 1753 0
n 1754 0
n 1755 0
n 1756 0
n 1757 0
n 1758 0
n 1759 0
n 1760 0
n 1761 0
n 1762 0
n 1763 0
n 1764 0
n 1765 0
n 1766 0
n 1767 0
n 1768 0
n 1769 0
n 1770 0
n 1771 0
n 1772 0
n 1773 0
n 1774 0
n 1775 0
n 1776 0
n 1777 0
n 1778 0
n 1779 0
n 1780 0
n 1781 0
n 1782 0
n 1783 0
n 1784 0
n 1785 0
n 1786 0
n 1787 0
n 1788 0
n 1789 0
n 1790 0
n 1791 0
n 1792 0
n 1793 0
n 1794 0
n 1795 0
n 1796 0
n 1797 0
n 1798 0
n 1799 0
n 1800 0
n 1801 0
n 1802 0
n 1803 0
n 1804 0
n 1805 0
n 1806 0
n 1807 0
n 1808 0
n 1809 0
n 1810 0
n 1811 0
n 1812 0
n 1813 0
n 1814 0
n 1815 0
n 1816 0
n 1817 0
n 1818 0
n 1819 0
n 1820 0
n 1821 0
n 1822 0
n 1823 0
n 1824 0
n 1825 0
n 1826 0
n 1827 0
n 1828 0
n 1829 0
n 1830 0
n 1831 0
n 1832 0
n 1833 0
n 1834 0
n 1835 0
n 1836 0
n 1837 0
n 1838 0
n 1839 0
n 1840 0
n 1841 0
n 1842 0
n 1843 0
n 1844 0
n 1845 0
n 1846 0
n 1847 0
n 1848 0
n 1849 0
n 1850 0
n 1851 0
n 1852 0
n 1853 0
n 1854 0
n 1855 0
n 1856 0
n 1857 0
n 1858 0
n 1859 0
n 1860 0
n 1861 0
n 1862 0
n 1863 0
n 1864 0
n 1865 0
n 1866 0
n 1867 0
n 1868 0
n 1869 0
n 1870 0
n 1871 0
n 1872 0
n 1873 0
n 1874 0
n 1875 0
n 1876 0
n 1877 0
n 1878 0
n 1879 0
n 1880 0
n 1881 0
n 1882 0
n 1883 0
n 1884 0
n 1885 0
n 1886 0
n 1887 0
n 1888 0
n 1889 0
n 1890 0
n 1891 0
n 1892 0
n 1893 0
n 1894 0
n 1895 0
n 1896 0
n 1897 0
n 1898 0
n 1899 0
n 1900 0
n 1901 0
n 1902 0
n 1903 0
n 1904 0
n 1905 0
n 1906 0
n 1907 0
n 1908 0
n 1909 0
n 1910 0
n 1911 0
n 1912 0
n 1913 0
n 1914 0
n 1915 0
n 1916 0
n 1917 0
n 1918 0
n 1919 0
n 1920 0
n 1921 0
n 1922 0
n 1923 0
n 1924 0
n 1925 0
n 1926 0
n 1927 0
n 1928 0
n 1929 0
n 1930 0
n 1931 0
n 1932 0
n 1933 0
n 1934 0
n 1935 0
n 1936 0
n 1937 0
n 1938 0
n 1939 0
n 1940 0
n 1941 0
n 1942 0
n 1943 0
n 1944 0
n 1945 0
n 1946 0
n 1947 0
n 1948 0
n 1949 0
n 1950 0
n 1951 0
n 1952 0
n 1953 0
n 1954 0
n 1955 0
n 1956 0
n 1957 0
n 1958 0
n 1959 0
n 1960 0
n 1961 0
n 1962 0
n 1963 0
n 1964 0
n 1965 0
n 1966 0
n 1967 0
n 1968 0
n 1969 0
n 1970 0
n 1971 0
n 1972 0
n 1973 0
n 1974 0
n 1975 0
n 1976 0
n 1977 0
n 1978 0
n 1979 0
n 1980 0
n 1981 0
n 1982 0
n 1983 0
n 1984 0
n 1985 0
n 1986 0
n 1987 0
n 1988 0
n 1989 0
n 1990 0
n 1991 0
n 1992 0
n 1993 0
n 1994 0
n 1995 0
n 1996 0
n 1997 0
n 1998 0
n 1999 0
n 2000 0
n 2001 0
n 2002 0
n 2003 0
n 2004 0
n 2005 0
n 2006 0
n 2007 0
n 2008 0
n 2009 0
n 2010 0
n 2011 0
n 2012 0
n 2013 0
n 2014 0
n 2015 0
n 2016 0
n 2017 0
n 2018 0
n 2019 0
n 2020 0
n 2021 0
n 2022 0
n 2023 0
n 2024 0
n 2025 0
n 2026 0
n 2027 0
n 2028 0
n 2029 0
n 2030 0
n 2031 0
n 2032 0
n 2033 0
n 2034 0
n 2035 0
n 2036 0
n 2037 0
n 2038 0
n 2039 0
n 2040 0
n 2041 0
n 2042 0
n 2043 0
n 2044 0
n 2045 0
n 2046 0
n 2047 0
n 2048 0
n 2049 0
n 2050 0
n 2051 0
n 2052 0
n 2053 0
n 2054 0
n 2055 0
n 2056 0
n 2057 0
n 2058 0
n 2059 0
n 2060 0
n 2061 0
n 2062 0
n 2063 0
n 2064 0
n 2065 0
n 2066 0
n 2067 0
n 2068 0
n 2069 0
n 2070 0
n 2071 0
n 2072 0
n 2073 0
n 2074 0
n 2075 0
n 2076 0
n 2077 0
n 2078 0
n 2079 0
n 2080 0
n 2081 0
n 2082 0
n 2083 0
n 2084 0
n 2085 0
n 2086 0
n 2087 0
n 2088 0
n 2089 0
n 2090 0
n 2091 0
n 2092 0
n 2093 0
n 2094 0
n 2095 0
n 2096 0
n 2097 0
n 2098 0
n 2099 0
n 2100 0
n 2101 0
n 2102 0
n 2103 0
n 2104 0
n 2105 0
n 2106 0
n 2107 0
n 2108 0
n 2109 0
n 2110 0
n 2111 0
n 2112 0
n 2113 0
n 2114 0
n 2115 0
n 2116 0
n 2117 0
n 2118 0
n 2119 0
n 2120 0
n 2121 0
n 2122 0
n 2123 0
n 2124 0
n 2125 0
n 2126 0
n 2127 0
n 2128 0
n 2129 0
n 2130 0
n 2131 0
n 2132 0
n 2133 0
n 2134 0
n 2135 0
n 2136 0
n 2137 0
n 2138 0
n 2139 0
n 2140 0
n 2141 0
n 2142 0
n 2143 0
n 2144 0
n 2145 0
n 2146 0
n 2147 0
n 2148 0
n 2149 0
n 2150 0
n 2151 0
n 2152 0
n 2153 0
n 2154 0
n 2155 0
n 2156 0
n 2157 0
n 2158 0
n 2159 0
n 2160 0
n 2161 0
n 2162 0
n 2163 0
n 2164 0
n 2165 0
n 2166 0
n 2167 0
n 2168 0
n 2169 0
n 2170 0
n 2171 0
n 2172 0
n 2173 0
n 2174 0
n 2175 0
n 2176 0
n 2177 0
n 2178 0
n 2179 0
n 2180 0
n 2181 0
n 2182 0
n 2183 0
n 2184 0
n 2185 0
n 2186 0
n 2187 0
n 2188 0
n 2189 0
n 2190 0
n 2191 0
n 2192 0
n 2193 0
n 2194 0
n 2195 0
n 2196 0
n 2197 0
n 2198 0
n 2199 0
n 2200 0
n 2201 0
n 2202 0
n 2203 0
n 2204 0
n 2205 0
n 2206 0
n 2207 0
n 2208 0
n 2209 0
n 2210 0
n 2211 0
n 2212 0
n 2213 0
n 2214 0
n 2215 0
n 2216 0
n 2217 0
n 2218 0
n 2219 0
n 2220 0
n 2221 0
n 2222 0
n 2223 0
n 2224 0
n 2225 0
n 2226 0
n 2227 0
n 2228 0
n 2229 0
n 2230 0
n 2231 0
n 2232 0
n 2233 0
n 2234 0
n 2235 0
n 2236 0
n 2237 0
n 2238 0
n 2239 0
n 2240 0
n 2241 0
n 2242 0
n 2243 0
n 2244 0
n 2245 0
n 2246 0
n 2247 0
n 2248 0
n 2249 0
n 2250 0
n 2251 0
n 2252 0
n 2253 0
n 2254 0
n 2255 0
n 2256 0
n 2257 0
n 2258 0
n 2259 0
n 2260 0
n 2261 0
n 2262 0
n 2263 0
n 2264 0
n 2265 0
n 2266 0
n 2267 0
n 2268 0
n 2269 0
n 2270 0
n 2271 0
n 2272 0
n 2273 0
n 2274 0
n 2275 0
n 2276 0
n 2277 0
n 2278 0
n 2279 0
n 2280 0
n 2281 0
n 2282 0
n 2283 0
n 2284 0
n 2285 0
n 2286 0
n 2287 0
n 2288 0
n 2289 0
n 2290 0
n 2291 0
n 2292 0
n 2293 0
n 2294 0
n 2295 0
n 2296 0
n 2297 0
n 2298 0
n 2299 0
n 2300 0
n 2301 0
n 2302 0
n 2303 0
n 2304 0
n 2305 0
n 2306 0
n 2307 0
n 2308 0
n 2309 0
n 2310 0
n 2311 0
n 2312 0
n 2313 0
n 2314 0
n 2315 0
n 2316 0
n 2317 0
n 2318 0
n 2319 0
n 2320 0
n 2321 0
n 2322 0
n 2323 0
n 2324 0
n 2325 0
n 2326 0
n 2327 0
n 2328 0
n 2329 0
n 2330 0
n 2331 0
n 2332 0
n 2333 0
n 2334 0
n 2335 0
n 2336 0
n 2337 0
n 2338 0
n 2339 0
n 2340 0
n 2341 0
n 2342 0
n 2343 0
n 2344 0
n 2345 0
n 2346 0
n 2347 0
n 2348 0
n 2349 0
n 2350 0
n 2351 0
n 2352 0
n 2353 0
n 2354 0
n 2355 0
n 2356 0
n 2357 0
n 2358 0
n 2359 0
n 2360 0
n 2361 0
n 2362 0
n 2363 0
n 2364 0
n 2365 0
n 2366 0
n 2367 0
n 2368 0
n 2369 0
n 2370 0
n 2371 0
n 2372 0
n 2373 0
n 2374 0
n 2375 0
n 2376 0
n 2377 0
n 2378 0
n 2379 0
n 2380 0
n 2381 0
n 2382 0
n 2383 0
n 2384 0
n 2385 0
n 2386 0
n 2387 0
n 2388 0
n 2389 0
n 2390 0
n 2391 0
n 2392 0
n 2393 0
n 2394 0
n 2395 0
n 2396 0
n 2397 0
n 2398 0
n 2399 0
n 2400 0
n 2401 0
n 2402 0
n 2403 0
n 2404 0
n 2405 0
n 2406 0
n 2407 0
n 2408 0
n 2409 0
n 2410 0
n 2411 0
n 2412 0
n 2413 0
n 2414 0
n 2415 0
n 2416 0
n 2417 0
n 2418 0
n 2419 0
n 2420 0
n 2421 0
n 2422 0
n 2423 0
n 2424 0
n 2425 0
n 2426 0
n 2427 0
n 2428 0
n 2429 0
n 2430 0
n 2431 0
n 2432 0
n 2433 0
n 2434 0
n 2435 0
n 2436 0
n 2437 0
n 2438 0
n 2439 0
n 2440 0
n 2441 0
n 2442 0
n 2443 0
n 2444 0
n 2445 0
n 2446 0
n 2447 0
n 2448 0
n 2449 0
n 2450 0
n 2451 0
n 2452 0
n 2453 0
n 2454 0
n 2455 0
n 2456 0
n 2457 0
n 2458 0
n 2459 0
n 2460 0
n 2461 0
n 2462 0
n 2463 0
n 2464 0
n 2465 0
n 2466 0
n 2467 0
n 2468 0
n 2469 0
n 2470 0
n 2471 0
n 2472 0
n 2473 0
n 2474 0
n 2475 0
n 2476 0
n 2477 0
n 2478 0
n 2479 0
n 2480 0
n 2481 0
n 2482 0
n 2483 0
n 2484 0
n 2485 0
n 2486 0
n 2487 0
n 2488 0
n 2489 0
n 2490 0
n 2491 0
n 2492 0
n 2493 0
n 2494 0
n 2495 0
n 2496 0
n 2497 0
n 2498 0
n 2499 0
n 2500 0
n 2501 0
n 2502 0
n 2503 0
n 2504 0
n 2505 0
n 2506 0
n 2507 0
n 2508 0
n 2509 0
n 2510 0
n 2511 0
n 2512 0
n 2513 0
n 2514 0
n 2515 0
n 2516 0
n 2517 0
n 2518 0
n 2519 0
n 2520 0
n 2521 0
n 2522 0
n 2523 0
n 2524 0
n 2525 0
n 2526 0
n 2527 0
n 2528 0
n 2529 0
n 2530 0
n 2531 0
n 2532 0
n 2533 0
n 2534 0
n 2535 0
n 2536 0
n 2537 0
n 2538 0
n 2539 0
n 2540 0
n 2541 0
n 2542 0
n 2543 0
n 2544 0
n 2545 0
n 2546 0
n 2547 0
n 2548 0
n 2549 0
n 2550 0
n 2551 0
n 2552 0
n 2553 0
n 2554 0
n 2555 0
n 2556 0
n 2557 0
n 2558 0
n 2559 0
n 2560 0
n 2561 0
n 2562 0
n 2563 0
n 2564 0
n 2565 0
n 2566 0
n 2567 0
n 2568 0
n 2569 0
n 2570 0
n 2571 0
n 2572 0
n 2573 0
n 2574 0
n 2575 0
n 2576 0
n 2577 0
n 2578 0
n 2579 0
n 2580 0
n 2581 0
n 2582 0
n 2583 0
n 2584 0
n 2585 0
n 2586 0
n 2587 0
n 2588 0
n 2589 0
n 2590 0
n 2591 0
n 2592 0
n 2593 0
n 2594 0
n 2595 0
n 2596 0
n 2597 0
n 2598 0
n 2599 0
n 2600 0
n 2601 0
n 2602 0
n 2603 0
n 2604 0
n 2605 0
n 2606 0
n 2607 0
n 2608 0
n 2609 0
n 2610 0
n 2611 0
n 2612 0
n 2613 0
n 2614 0
n 2615 0
n 2616 0
n 2617 0
n 2618 0
n 2619 0
n 2620 0
n 2621 0
n 2622 0
n 2623 0
n 2624 0
n 2625 0
n 2626 0
n 2627 0
n 2628 0
n 2629 0
n 2630 0
n 2631 0
n 2632 0
n 2633 0
n 2634 0
n 2635 0
n 2636 0
n 2637 0
n 2638 0
n 2639 0
n 2640 0
n 2641 0
n 2642 0
n 2643 0
n 2644 0
n 2645 0
n 2646 0
n 2647 0
n 2648 0
n 2649 0
n 2650 0
n 2651 0
n 2652 0
n 2653 0
n 2654 0
n 2655 0
n 2656 0
n 2657 0
n 2658 0
n 2659 0
n 2660 0
n 2661 0
n 2662 0
n 2663 0
n 2664 0
n 2665 0
n 2666 0
n 2667 0
n 2668 0
n 2669 0
n 2670 0
n 2671 0
n 2672 0
n 2673 0
n 2674 0
n 2675 0
n 2676 0
n 2677 0
n 2678 0
n 2679 0
n 2680 0
n 2681 0
n 2682 0
n 2683 0
n 2684 0
n 2685 0
n 2686 0
n 2687 0
n 2688 0
n 2689 0
n 2690 0
n 2691 0
n 2692 0
n 2693 0
n 2694 0
n 2695 0
n 2696 0
n 2697 0
n 2698 0
n 2699 0
n 2700 0
n 2701 0
n 2702 0
n 2703 0
n 2704 0
n 2705 0
n 2706 0
n 2707 0
n 2708 0
n 2709 0
n 2710 0
n 2711 0
n 2712 0
n 2713 0
n 2714 0
n 2715 0
n 2716 0
n 2717 0
n 2718 0
n 2719 0
n 2720 0
n 2721 0
n 2722 0
n 2723 0
n 2724 0
n 2725 0
n 2726 0
n 2727 0
n 2728 0
n 2729 0
n 2730 0
n 2731 0
n 2732 0
n 2733 0
n 2734 0
n 2735 0
n 2736 0
n 2737 0
n 2738 0
n 2739 0
n 2740 0
n 2741 0
n 2742 0
n 2743 0
n 2744 0
n 2745 0
n 2746 0
n 2747 0
n 2748 0
n 2749 0
n 2750 0
n 2751 0
n 2752 0
n 2753 0
n 2754 0
n 2755 0
n 2756 0
n 2757 0
n 2758 0
n 2759 0
n 2760 0
n 2761 0
n 2762 0
n 2763 0
n 2764 0
n 2765 0
n 2766 0
n 2767 0
n 2768 0
n 2769 0
n 2770 0
n 2771 0
n 2772 0
n 2773 0
n 2774 0
n 2775 0
n 2776 0
n 2777 0
n 2778 0
n 2779 0
n 2780 0
n 2781 0
n 2782 0
n 2783 0
n 2784 0
n 2785 0
n 2786 0
n 2787 0
n 2788 0
n 2789 0
n 2790 0
n 2791 0
n 2792 0
n 2793 0
n 2794 0
n 2795 0
n 2796 0
n 2797 0
n 2798 0
n 2799 0
n 2800 0
n 2801 0
n 2802 0
n 2803 0
n 2804 0
n 2805 0
n 2806 0
n 2807 0
n 2808 0
n 2809 0
n 2810 0
n 2811 0
n 2812 0
n 2813 0
n 2814 0
n 2815 0
n 2816 0
n 2817 0
n 2818 0
n 2819 0
n 2820 0
n 2821 0
n 2822 0
n 2823 0
n 2824 0
n 2825 0
n 2826 0
n 2827 0
n 2828 0
n 2829 0
n 2830 0
n 2831 0
n 2832 0
n 2833 0
n 2834 0
n 2835 0
n 2836 0
n 2837 0
n 2838 0
n 2839 0
n 2840 0
n 2841 0
n 2842 0
n 2843 0
n 2844 0
n 2845 0
n 2846 0
n 2847 0
n 2848 0
n 2849 0
n 2850 0
n 2851 0
n 2852 0
n 2853 0
n 2854 0
n 2855 0
n 2856 0
n 2857 0
n 2858 0
n 2859 0
n 2860 0
n 2861 0
n 2862 0
n 2863 0
n 2864 0
n 2865 0
n 2866 0
n 2867 0
n 2868 0
n 2869 0
n 2870 0
n 2871 0
n 2872 0
n 2873 0
n 2874 0
n 2875 0
n 2876 0
n 2877 0
n 2878 0
n 2879 0
n 2880 0
n 2881 0
n 2882 0
n 2883 0
n 2884 0
n 2885 0
n 2886 0
n 2887 0
n 2888 0
n 2889 0
n 2890 0
n 2891 0
n 2892 0
n 2893 0
n 2894 0
n 2895 0
n 2896 0
n 2897 0
n 2898 0
n 2899 0
n 2900 0
n 2901 0
n 2902 0
n 2903 0
n 2904 0
n 2905 0
n 2906 0
n 2907 0
n 2908 0
n 2909 0
n 2910 0
n 2911 0
n 2912 0
n 2913 0
n 2914 0
n 2915 0
n 2916 0
n 2917 0
n 2918 0
n 2919 0
n 2920 0
n 2921 0
n 2922 0
n 2923 0
n 2924 0
n 2925 0
n 2926 0
n 2927 0
n 2928 0
n 2929 0
n 2930 0
n 2931 0
n 2932 0
n 2933 0
n 2934 0
n 2935 0
n 2936 0
n 2937 0
n 2938 0
n 2939 0
n 2940 0
n 2941 0
n 2942 0
n 2943 0
n 2944 0
n 2945 0
n 2946 0
n 2947 0
n 2948 0
n 2949 0
n 2950 0
n 2951 0
n 2952 0
n 2953 0
n 2954 0
n 2955 0
n 2956 0
n 2957 0
n 2958 0
n 2959 0
n 2960 0
n 2961 0
n 2962 0
n 2963 0
n 2964 0
n 2965 0
n 2966 0
n 2967 0
n 2968 0
n 2969 0
n 2970 0
n 2971 0
n 2972 0
n 2973 0
n 2974 0
n 2975 0
n 2976 0
n 2977 0
n 2978 0
n 2979 0
n 2980 0
n 2981 0
n 2982 0
n 2983 0
n 2984 0
n 2985 0
n 2986 0
n 2987 0
n 2988 0
n 2989 0
n 2990 0
n 2991 0
n 2992 0
n 2993 0
n 2994 0
n 2995 0
n 2996 0
n 2997 0
n 2998 0
n 2999 0
n 3000 0
n 3001 0
n 3002 0
n 3003 0
n 3004 0
n 3005 0
n 3006 0
n 3007 0
n 3008 0
n 3009 0
n 3010 0
n 3011 0
n 3012 0
n 3013 0
n 3014 0
n 3015 0
n 3016 0
n 3017 0
n 3018 0
n 3019 0
n 3020 0
n 3021 0
n 3022 0
n 3023 0
n 3024 0
n 3025 0
n 3026 0
n 3027 0
n 3028 0
n 3029 0
n 3030 0
n 3031 0
n 3032 0
n 3033 0
n 3034 0
n 3035 0
n 3036 0
n 3037 0
n 3038 0
n 3039 0
n 3040 0
n 3041 0
n 3042 0
n 3043 0
n 3044 0
n 3045 0
n 3046 0
n 3047 0
n 3048 0
n 3049 0
n 3050 0
n 3051 0
n 3052 0
n 3053 0
n 3054 0
n 3055 0
n 3056 0
n 3057 0
n 3058 0
n 3059 0
n 3060 0
n 3061 0
n 3062 0
n 3063 0
n 3064 0
n 3065 0
n 3066 0
n 3067 0
n 3068 0
n 3069 0
n 3070 0
n 3071 0
n 3072 0
n 3073 0
n 3074 0
n 3075 0
n 3076 0
n 3077 0
n 3078 0
n 3079 0
n 3080 0
n 3081 0
n 3082 0
n 3083 0
n 3084 0
n 3085 0
n 3086 0
n 3087 0
n 3088 0
n 3089 0
n 3090 0
n 3091 0
n 3092 0
n 3093 0
n 3094 0
n 3095 0
n 3096 0
n 3097 0
n 3098 0
n 3099 0
n 3100 0
n 3101 0
n 3102 0
n 3103 0
n 3104 0
n 3105 0
n 3106 0
n 3107 0
n 3108 0
n 3109 0
n 3110 0
n 3111 0
n 3112 0
n 3113 0
n 3114 0
n 3115 0
n 3116 0
n 3117 0
n 3118 0
n 3119 0
n 3120 0
n 3121 0
n 3122 0
n 3123 0
n 3124 0
n 3125 0
n 3126 0
n 3127 0
n 3128 0
n 3129 0
n 3130 0
n 3131 0
n 3132 0
n 3133 0
n 3134 0
n 3135 0
n 3136 0
n 3137 0
n 3138 0
n 3139 0
n 3140 0
n 3141 0
n 3142 0
n 3143 0
n 3144 0
n 3145 0
n 3146 0
n 3147 0
n 3148 0
n 3149 0
n 3150 0
n 3151 0
n 3152 0
n 3153 0
n 3154 0
n 3155 0
n 3156 0
n 3157 0
n 3158 0
n 3159 0
n 3160 0
n 3161 0
n 3162 0
n 3163 0
n 3164 0
n 3165 0
n 3166 0
n 3167 0
n 3168 0
n 3169 0
n 3170 0
n 3171 0
n 3172 0
n 3173 0
n 3174 0
n 3175 0
n 3176 0
n 3177 0
n 3178 0
n 3179 0
n 3180 0
n 3181 0
n 3182 0
n 3183 0
n 3184 0
n 3185 0
n 3186 0
n 3187 0
n 3188 0
n 3189 0
n 3190 0
n 3191 0
n 3192 0
n 3193 0
n 3194 0
n 3195 0
n 3196 0
n 3197 0
n 3198 0
n 3199 0
n 3200 0
n 3201 0
n 3202 0
n 3203 0
n 3204 0
n 3205 0
n 3206 0
n 3207 0
n 3208 0
n 3209 0
n 3210 0
n 3211 0
n 3212 0
n 3213 0
n 3214 0
n 3215 0
n 3216 0
n 3217 0
n 3218 0
n 3219 0
n 3220 0
n 3221 0
n 3222 0
n 3223 0
n 3224 0
n 3225 0
n 3226 0
n 3227 0
n 3228 0
n 3229 0
n 3230 0
n 3231 0
n 3232 0
n 3233 0
n 3234 0
n 3235 0
n 3236 0
n 3237 0
n 3238 0
n 3239 0
n 3240 0
n 3241 0
n 3242 0
n 3243 0
n 3244 0
n 3245 0
n 3246 0
n 3247 0
n 3248 0
n 3249 0
n 3250 0
n 3251 0
n 3252 0
n 3253 0
n 3254 0
n 3255 0
n 3256 0
n 3257 0
n 3258 0
n 3259 0
n 3260 0
n 3261 0
n 3262 0
n 3263 0
n 3264 0
n 3265 0
n 3266 0
n 3267 0
n 3268 0
n 3269 0
n 3270 0
n 3271 0
n 3272 0
n 3273 0
n 3274 0
n 3275 0
n 3276 0
n 3277 0
n 3278 0
n 3279 0
n 3280 0
n 3281 0
n 3282 0
n 3283 0
n 3284 0
n 3285 0
n 3286 0
n 3287 0
n 3288 0
n 3289 0
n 3290 0
n 3291 0
n 3292 0
n 3293 0
n 3294 0
n 3295 0
n 3296 0
n 3297 0
n 3298 0
n 3299 0
n 3300 0
n 3301 0
n 3302 0
n 3303 0
n 3304 0
n 3305 0
n 3306 0
n 3307 0
n 3308 0
n 3309 0
n 3310 0
n 3311 0
n 3312 0
n 3313 0
n 3314 0
n 3315 0
n 3316 0
n 3317 0
n 3318 0
n 3319 0
n 3320 0
n 3321 0
n 3322 0
n 3323 0
n 3324 0
n 3325 0
n 3326 0
n 3327 0
n 3328 0
n 3329 0
n 3330 0
n 3331 0
n 3332 0
n 3333 0
n 3334 0
n 3335 0
n 3336 0
n 3337 0
n 3338 0
n 3339 0
n 3340 0
n 3341 0
n 3342 0
n 3343 0
n 3344 0
n 3345 0
n 3346 0
n 3347 0
n 3348 0
n 3349 0
n 3350 0
n 3351 0
n 3352 0
n 3353 0
n 3354 0
n 3355 0
n 3356 0
n 3357 0
n 3358 0
n 3359 0
n 3360 0
n 3361 0
n 3362 0
n 3363 0
n 3364 0
n 3365 0
n 3366 0
n 3367 0
n 3368 0
n 3369 0
n 3370 0
n 3371 0
n 3372 0
n 3373 0
n 3374 0
n 3375 0
n 3376 0
n 3377 0
n 3378 0
n 3379 0
n 3380 0
n 3381 0
n 3382 0
n 3383 0
n 3384 0
n 3385 0
n 3386 0
n 3387 0
n 3388 0
n 3389 0
n 3390 0
n 3391 0
n 3392 0
n 3393 0
n 3394 0
n 3395 0
n 3396 0
n 3397 0
n 3398 0
n 3399 0
n 3400 0
n 3401 0
n 3402 0
n 3403 0
n 3404 0
n 3405 0
n 3406 0
n 3407 0
n 3408 0
n 3409 0
n 3410 0
n 3411 0
n 3412 0
n 3413 0
n 3414 0
n 3415 0
n 3416 0
n 3417 0
n 3418 0
n 3419 0
n 3420 0
n 3421 0
n 3422 0
n 3423 0
n 3424 0
n 3425 0
n 3426 0
n 3427 0
n 3428 0
n 3429 0
n 3430 0
n 3431 0
n 3432 0
n 3433 0
n 3434 0
n 3435 0
n 3436 0
n 3437 0
n 3438 0
n 3439 0
n 3440 0
n 3441 0
n 3442 0
n 3443 0
n 3444 0
n 3445 0
n 3446 0
n 3447 0
n 3448 0
n 3449 0
n 3450 0
n 3451 0
n 3452 0
n 3453 0
n 3454 0
n 3455 0
n 3456 0
n 3457 0
n 3458 0
n 3459 0
n 3460 0
n 3461 0
n 3462 0
n 3463 0
n 3464 0
n 3465 0
n 3466 0
n 3467 0
n 3468 0
n 3469 0
n 3470 0
n 3471 0
n 3472 0
n 3473 0
n 3474 0
n 3475 0
n 3476 0
n 3477 0
n 3478 0
n 3479 0
n 3480 0
n 3481 0
n 3482 0
n 3483 0
n 3484 0
n 3485 0
n 3486 0
n 3487 0
n 3488 0
n 3489 0
n 3490 0
n 3491 0
n 3492 0
n 3493 0
n 3494 0
n 3495 0
n 3496 0
n 3497 0
n 3498 0
n 3499 0
n 3500 0
n 3501 0
n 3502 0
n 3503 0
n 3504 0
n 3505 0
n 3506 0
n 3507 0
n 3508 0
n 3509 0
n 3510 0
n 3511 0
n 3512 0
n 3513 0
n 3514 0
n 3515 0
n 3516 0
n 3517 0
n 3518 0
n 3519 0
n 3520 0
n 3521 0
n 3522 0
n 3523 0
n 3524 0
n 3525 0
n 3526 0
n 3527 0
n 3528 0
n 3529 0
n 3530 0
n 3531 0
n 3532 0
n 3533 0
n 3534 0
n 3535 0
n 3536 0
n 3537 0
n 3538 0
n 3539 0
n 3540 0
n 3541 0
n 3542 0
n 3543 0
n 3544 0
n 3545 0
n 3546 0
n 3547 0
n 3548 0
n 3549 0
n 3550 0
n 3551 0
n 3552 0
n 3553 0
n 3554 0
n 3555 0
n 3556 0
n 3557 0
n 3558 0
n 3559 0
n 3560 0
n 3561 0
n 3562 0
n 3563 0
n 3564 0
n 3565 0
n 3566 0
n 3567 0
n 3568 0
n 3569 0
n 3570 0
n 3571 0
n 3572 0
n 3573 0
n 3574 0
n 3575 0
n 3576 0
n 3577 0
n 3578 0
n 3579 0
n 3580 0
n 3581 0
n 3582 0
n 3583 0
n 3584 0
n 3585 0
n 3586 0
n 3587 0
n 3588 0
n 3589 0
n 3590 0
n 3591 0
n 3592 0
n 3593 0
n 3594 0
n 3595 0
n 3596 0
n 3597 0
n 3598 0
n 3599 0
n 3600 0
n 3601 0
n 3602 0
n 3603 0
n 3604 0
n 3605 0
n 3606 0
n 3607 0
n 3608 0
n 3609 0
n 3610 0
n 3611 0
n 3612 0
n 3613 0
n 3614 0
n 3615 0
n 3616 0
n 3617 0
n 3618 0
n 3619 0
n 3620 0
n 3621 0
n 3622 0
n 3623 0
n 3624 0
n 3625 0
n 3626 0
n 3627 0
n 3628 0
n 3629 0
n 3630 0
n 3631 0
n 3632 0
n 3633 0
n 3634 0
n 3635 0
n 3636 0
n 3637 0
n 3638 0
n 3639 0
n 3640 0
n 3641 0
n 3642 0
n 3643 0
n 3644 0
n 3645 0
n 3646 0
n 3647 0
n 3648 0
n 3649 0
n 3650 0
n 3651 0
n 3652 0
n 3653 0
n 3654 0
n 3655 0
n 3656 0
n 3657 0
n 3658 0
n 3659 0
n 3660 0
n 3661 0
n 3662 0
n 3663 0
n 3664 0
n 3665 0
n 3666 0
n 3667 0
n 3668 0
n 3669 0
n 3670 0
n 3671 0
n 3672 0
n 3673 0
n 3674 0
n 3675 0
n 3676 0
n 3677 0
n 3678 0
n 3679 0
n 3680 0
n 3681 0
n 3682 0
n 3683 0
n 3684 0
n 3685 0
n 3686 0
n 3687 0
n 3688 0
n 3689 0
n 3690 0
n 3691 0
n 3692 0
n 3693 0
n 3694 0
n 3695 0
n 3696 0
n 3697 0
n 3698 0
n 3699 0
n 3700 0
n 3701 0
n 3702 0
n 3703 0
n 3704 0
n 3705 0
n 3706 0
n 3707 0
n 3708 0
n 3709 0
n 3710 0
n 3711 0
n 3712 0
n 3713 0
n 3714 0
n 3715 0
n 3716 0
n 3717 0
n 3718 0
n 3719 0
n 3720 0
n 3721 0
n 3722 0
n 3723 0
n 3724 0
n 3725 0
n 3726 0
n 3727 0
n 3728 0
n 3729 0
n 3730 0
n 3731 0
n 3732 0
n 3733 0
n 3734 0
n 3735 0
n 3736 0
n 3737 0
n 3738 0
n 3739 0
n 3740 0
n 3741 0
n 3742 0
n 3743 0
n 3744 0
n 3745 0
n 3746 0
n 3747 0
n 3748 0
n 3749 0
n 3750 0
n 3751 0
n 3752 0
n 3753 0
n 3754 0
n 3755 0
n 3756 0
n 3757 0
n 3758 0
n 3759 0
n 3760 0
n 3761 0
n 3762 0
n 3763 0
n 3764 0
n 3765 0
n 3766 0
n 3767 0
n 3768 0
n 3769 0
n 3770 0
n 3771 0
n 3772 0
n 3773 0
n 3774 0
n 3775 0
n 3776 0
n 3777 0
n 3778 0
n 3779 0
n 3780 0
n 3781 0
n 3782 0
n 3783 0
n 3784 0
n 3785 0
n 3786 0
n 3787 0
n 3788 0
n 3789 0
n 3790 0
n 3791 0
n 3792 0
n 3793 0
n 3794 0
n 3795 0
n 3796 0
n 3797 0
n 3798 0
n 3799 0
n 3800 0
n 3801 0
n 3802 0
n 3803 0
n 3804 0
n 3805 0
n 3806 0
n 3807 0
n 3808 0
n 3809 0
n 3810 0
n 3811 0
n 3812 0
n 3813 0
n 3814 0
n 3815 0
n 3816 0
n 3817 0
n 3818 0
n 3819 0
n 3820 0
n 3821 0
n 3822 0
n 3823 0
n 3824 0
n 3825 0
n 3826 0
n 3827 0
n 3828 0
n 3829 0
n 3830 0
n 3831 0
n 3832 0
n 3833 0
n 3834 0
n 3835 0
n 3836 0
n 3837 0
n 3838 0
n 3839 0
n 3840 0
n 3841 0
n 3842 0
n 3843 0
n 3844 0
n 3845 0
n 3846 0
n 3847 0
n 3848 0
n 3849 0
n 3850 0
n 3851 0
n 3852 0
n 3853 0
n 3854 0
n 3855 0
n 3856 0
n 3857 0
n 3858 0
n 3859 0
n 3860 0
n 3861 0
n 3862 0
n 3863 0
n 3864 0
n 3865 0
n 3866 0
n 3867 0
n 3868 0
n 3869 0
n 3870 0
n 3871 0
n 3872 0
n 3873 0
n 3874 0
n 3875 0
n 3876 0
n 3877 0
n 3878 0
n 3879 0
n 3880 0
n 3881 0
n 3882 0
n 3883 0
n 3884 0
n 3885 0
n 3886 0
n 3887 0
n 3888 0
n 3889 0
n 3890 0
n 3891 0
n 3892 0
n 3893 0
n 3894 0
n 3895 0
n 3896 0
n 3897 0
n 3898 0
n 3899 0
n 3900 0
n 3901 0
n 3902 0
n 3903 0
n 3904 0
n 3905 0
n 3906 0
n 3907 0
n 3908 0
n 3909 0
n 3910 0
n 3911 0
n 3912 0
n 3913 0
n 3914 0
n 3915 0
n 3916 0
n 3917 0
n 3918 0
n 3919 0
n 3920 0
n 3921 0
n 3922 0
n 3923 0
n 3924 0
n 3925 0
n 3926 0
n 3927 0
n 3928 0
n 3929 0
n 3930 0
n 3931 0
n 3932 0
n 3933 0
n 3934 0
n 3935 0
n 3936 0
n 3937 0
n 3938 0
n 3939 0
n 3940 0
n 3941 0
n 3942 0
n 3943 0
n 3944 0
n 3945 0
n 3946 0
n 3947 0
n 3948 0
n 3949 0
n 3950 0
n 3951 0
n 3952 0
n 3953 0
n 3954 0
n 3955 0
n 3956 0
n 3957 0
n 3958 0
n 3959 0
n 3960 0
n 3961 0
n 3962 0
n 3963 0
n 3964 0
n 3965 0
n 3966 0
n 3967 0
n 3968 0
n 3969 0
n 3970 0
n 3971 0
n 3972 0
n 3973 0
n 3974 0
n 3975 0
n 3976 0
n 3977 0
n 3978 0
n 3979 0
n 3980 0
n 3981 0
n 3982 0
n 3983 0
n 3984 0
n 3985 0
n 3986 0
n 3987 0
n 3988 0
n 3989 0
n 3990 0
n 3991 0
n 3992 0
n 3993 0
n 3994 0
n 3995 0
n 3996 0
n 3997 0
n 3998 0
n 3999 0
n 4000 0
n 4001 0
n 4002 0
n 4003 0
n 4004 0
n 4005 0
n 4006 0
n 4007 0
n 4008 0
n 4009 0
n 4010 0
n 4011 0
n 4012 0
n 4013 0
n 4014 0
n 4015 0
n 4016 0
n 4017 0
n 4018 0
n 4019 0
n 4020 0
n 4021 0
n 4022 0
n 4023 0
n 4024 0
n 4025 0
n 4026 0
n 4027 0
n 4028 0
n 4029 0
n 4030 0
n 4031 0
n 4032 0
n 4033 0
n 4034 0
n 4035 0
n 4036 0
n 4037 0
n 4038 0
n 4039 0
n 4040 0
n 4041 0
n 4042 0
n 4043 0
n 4044 0
n 4045 0
n 4046 0
n 4047 0
n 4048 0
n 4049 0
n 4050 0
n 4051 0
n 4052 0
n 4053 0
n 4054 0
n 4055 0
n 4056 0
n 4057 0
n 4058 0
n 4059 0
n 4060 0
n 4061 0
n 4062 0
n 4063 0
n 4064 0
n 4065 0
n 4066 0
n 4067 0
n 4068 0
n 4069 0
n 4070 0
n 4071 0
n 4072 0
n 4073 0
n 4074 0
n 4075 0
n 4076 0
n 4077 0
n 4078 0
n 4079 0
n 4080 0
n 4081 0
n 4082 0
n 4083 0
n 4084 0
n 4085 0
n 4086 0
n 4087 0
n 4088 0
n 4089 0
n 4090 0
n 4091 0
n 4092 0
n 4093 0
n 4094 0
n 4095 0
n 4096 0
n 4097 0
n 4098 0
n 4099 0
n 4100 0
n 4101 0
n 4102 0
n 4103 0
n 4104 0
n 4105 0
n 4106 0
n 4107 0
n 4108 0
n 4109 0
n 4110 0
n 4111 0
n 4112 0
n 4113 0
n 4114 0
n 4115 0
n 4116 0
n 4117 0
n 4118 0
n 4119 0
n 4120 0
n 4121 0
n 4122 0
n 4123 0
n 4124 0
n 4125 0
n 4126 0
n 4127 0
n 4128 0
n 4129 0
n 4130 0
n 4131 0
n 4132 0
n 4133 0
n 4134 0
n 4135 0
n 4136 0
n 4137 0
n 4138 0
n 4139 0
n 4140 0
n 4141 0
n 4142 0
n 4143 0
n 4144 0
n 4145 0
n 4146 0
n 4147 0
n 4148 0
n 4149 0
n 4150 0
n 4151 0
n 4152 0
n 4153 0
n 4154 0
n 4155 0
n 4156 0
n 4157 0
n 4158 0
n 4159 0
n 4160 0
n 4161 0
n 4162 0
n 4163 0
n 4164 0
n 4165 0
n 4166 0
n 4167 0
n 4168 0
n 4169 0
n 4170 0
n 4171 0
n 4172 0
n 4173 0
n 4174 0
n 4175 0
n 4176 0
n 4177 0
n 4178 0
n 4179 0
n 4180 0
n 4181 0
n 4182 0
n 4183 0
n 4184 0
n 4185 0
n 4186 0
n 4187 0
n 4188 0
n 4189 0
n 4190 0
n 4191 0
n 4192 0
n 4193 0
n 4194 0
n 4195 0
n 4196 0
n 4197 0
n 4198 0
n 4199 0
n 4200 0
n 4201 0
n 4202 0
n 4203 0
n 4204 0
n 4205 0
n 4206 0
n 4207 0
n 4208 0
n 4209 0
n 4210 0
n 4211 0
n 4212 0
n 4213 0
n 4214 0
n 4215 0
n 4216 0
n 4217 0
n 4218 0
n 4219 0
n 4220 0
n 4221 0
n 4222 0
n 4223 0
n 4224 0
n 4225 0
n 4226 0
n 4227 0
n 4228 0
n 4229 0
n 4230 0
n 4231 0
n 4232 0
n 4233 0
n 4234 0
n 4235 0
n 4236 0
n 4237 0
n 4238 0
n 4239 0
n 4240 0
n 4241 0
n 4242 0
n 4243 0
n 4244 0
n 4245 0
n 4246 0
n 4247 0
n 4248 0
n 4249 0
n 4250 0
n 4251 0
n 4252 0
n 4253 0
n 4254 0
n 4255 0
n 4256 0
n 4257 0
n 4258 0
n 4259 0
n 4260 0
n 4261 0
n 4262 0
n 4263 0
n 4264 0
n 4265 0
n 4266 0
n 4267 0
n 4268 0
n 4269 0
n 4270 0
n 4271 0
n 4272 0
n 4273 0
n 4274 0
n 4275 0
n 4276 0
n 4277 0
n 4278 0
n 4279 0
n 4280 0
n 4281 0
n 4282 0
n 4283 0
n 4284 0
n 4285 0
n 4286 0
n 4287 0
n 4288 0
n 4289 0
n 4290 0
n 4291 0
n 4292 0
n 4293 0
n 4294 0
n 4295 0
n 4296 0
n 4297 0
n 4298 0
n 4299 0
n 4300 0
n 4301 0
n 4302 0
n 4303 0
n 4304 0
n 4305 0
n 4306 0
n 4307 0
n 4308 0
n 4309 0
n 4310 0
n 4311 0
n 4312 0
n 4313 0
n 4314 0
n 4315 0
n 4316 0
n 4317 0
n 4318 0
n 4319 0
n 4320 0
n 4321 0
n 4322 0
n 4323 0
n 4324 0
n 4325 0
n 4326 0
n 4327 0
n 4328 0
n 4329 0
n 4330 0
n 4331 0
n 4332 0
n 4333 0
n 4334 0
n 4335 0
n 4336 0
n 4337 0
n 4338 0
n 4339 0
n 4340 0
n 4341 0
n 4342 0
n 4343 0
n 4344 0
n 4345 0
n 4346 0
n 4347 0
n 4348 0
n 4349 0
n 4350 0
n 4351 0
n 4352 0
n 4353 0
n 4354 0
n 4355 0
n 4356 0
n 4357 0
n 4358 0
n 4359 0
n 4360 0
n 4361 0
n 4362 0
n 4363 0
n 4364 0
n 4365 0
n 4366 0
n 4367 0
n 4368 0
n 4369 0
n 4370 0
n 4371 0
n 4372 0
n 4373 0
n 4374 0
n 4375 0
n 4376 0
n 4377 0
n 4378 0
n 4379 0
n 4380 0
n 4381 0
n 4382 0
n 4383 0
n 4384 0
n 4385 0
n 4386 0
n 4387 0
n 4388 0
n 4389 0
n 4390 0
n 4391 0
n 4392 0
n 4393 0
n 4394 0
n 4395 0
n 4396 0
n 4397 0
n 4398 0
n 4399 0
n 4400 0
n 4401 0
n 4402 0
n 4403 0
n 4404 0
n 4405 0
n 4406 0
n 4407 0
n 4408 0
n 4409 0
n 4410 0
n 4411 0
n 4412 0
n 4413 0
n 4414 0
n 4415 0
n 4416 0
n 4417 0
n 4418 0
n 4419 0
n 4420 0
n 4421 0
n 4422 0
n 4423 0
n 4424 0
n 4425 0
n 4426 0
n 4427 0
n 4428 0
n 4429 0
n 4430 0
n 4431 0
n 4432 0
n 4433 0
n 4434 0
n 4435 0
n 4436 0
n 4437 0
n 4438 0
n 4439 0
n 4440 0
n 4441 0
n 4442 0
n 4443 0
n 4444 0
n 4445 0
n 4446 0
n 4447 0
n 4448 0
n 4449 0
n 4450 0
n 4451 0
n 4452 0
n 4453 0
n 4454 0
n 4455 0
n 4456 0
n 4457 0
n 4458 0
n 4459 0
n 4460 0
n 4461 0
n 4462 0
n 4463 0
n 4464 0
n 4465 0
n 4466 0
n 4467 0
n 4468 0
n 4469 0
n 4470 0
n 4471 0
n 4472 0
n 4473 0
n 4474 0
n 4475 0
n 4476 0
n 4477 0
n 4478 0
n 4479 0
n 4480 0
n 4481 0
n 4482 0
n 4483 0
n 4484 0
n 4485 0
n 4486 0
n 4487 0
n 4488 0
n 4489 0
n 4490 0
n 4491 0
n 4492 0
n 4493 0
n 4494 0
n 4495 0
n 4496 0
n 4497 0
n 4498 0
n 4499 0
n 4500 0
n 4501 0
n 4502 0
n 4503 0
n 4504 0
n 4505 0
n 4506 0
n 4507 0
n 4508 0
n 4509 0
n 4510 0
n 4511 0
n 4512 0
n 4513 0
n 4514 0
n 4515 0
n 4516 0
n 4517 0
n 4518 0
n 4519 0
n 4520 0
n 4521 0
n 4522 0
n 4523 0
n 4524 0
n 4525 0
n 4526 0
n 4527 0
n 4528 0
n 4529 0
n 4530 0
n 4531 0
n 4532 0
n 4533 0
n 4534 0
n 4535 0
n 4536 0
n 4537 0
n 4538 0
n 4539 0
n 4540 0
n 4541 0
n 4542 0
n 4543 0
n 4544 0
n 4545 0
n 4546 0
n 4547 0
n 4548 0
n 4549 0
n 4550 0
n 4551 0
n 4552 0
n 4553 0
n 4554 0
n 4555 0
n 4556 0
n 4557 0
n 4558 0
n 4559 0
n 4560 0
n 4561 0
n 4562 0
n 4563 0
n 4564 0
n 4565 0
n 4566 0
n 4567 0
n 4568 0
n 4569 0
n 4570 0
n 4571 0
n 4572 0
n 4573 0
n 4574 0
n 4575 0
n 4576 0
n 4577 0
n 4578 0
n 4579 0
n 4580 0
n 4581 0
n 4582 0
n 4583 0
n 4584 0
n 4585 0
n 4586 0
n 4587 0
n 4588 0
n 4589 0
n 4590 0
n 4591 0
n 4592 0
n 4593 0
n 4594 0
n 4595 0
n 4596 0
n 4597 0
n 4598 0
n 4599 0
n 4600 0
n 4601 0
n 4602 0
n 4603 0
n 4604 0
n 4605 0
n 4606 0
n 4607 0
n 4608 0
n 4609 0
n 4610 0
n 4611 0
n 4612 0
n 4613 0
n 4614 0
n 4615 0
n 4616 0
n 4617 0
n 4618 0
n 4619 0
n 4620 0
n 4621 0
n 4622 0
n 4623 0
n 4624 0
n 4625 0
n 4626 0
n 4627 0
n 4628 0
n 4629 0
n 4630 0
n 4631 0
n 4632 0
n 4633 0
n 4634 0
n 4635 0
n 4636 0
n 4637 0
n 4638 0
n 4639 0
n 4640 0
n 4641 0
n 4642 0
n 4643 0
n 4644 0
n 4645 0
n 4646 0
n 4647 0
n 4648 0
n 4649 0
n 4650 0
n 4651 0
n 4652 0
n 4653 0
n 4654 0
n 4655 0
n 4656 0
n 4657 0
n 4658 0
n 4659 0
n 4660 0
n 4661 0
n 4662 0
n 4663 0
n 4664 0
n 4665 0
n 4666 0
n 4667 0
n 4668 0
n 4669 0
n 4670 0
n 4671 0
n 4672 0
n 4673 0
n 4674 0
n 4675 0
n 4676 0
n 4677 0
n 4678 0
n 4679 0
n 4680 0
n 4681 0
n 4682 0
n 4683 0
n 4684 0
n 4685 0
n 4686 0
n 4687 0
n 4688 0
n 4689 0
n 4690 0
n 4691 0
n 4692 0
n 4693 0
n 4694 0
n 4695 0
n 4696 0
n 4697 0
n 4698 0
n 4699 0
n 4700 0
n 4701 0
n 4702 0
n 4703 0
n 4704 0
n 4705 0
n 4706 0
n 4707 0
n 4708 0
n 4709 0
n 4710 0
n 4711 0
n 4712 0
n 4713 0
n 4714 0
n 4715 0
n 4716 0
n 4717 0
n 4718 0
n 4719 0
n 4720 0
n 4721 0
n 4722 0
n 4723 0
n 4724 0
n 4725 0
n 4726 0
n 4727 0
n 4728 0
n 4729 0
n 4730 0
n 4731 0
n 4732 0
n 4733 0
n 4734 0
n 4735 0
n 4736 0
n 4737 0
n 4738 0
n 4739 0
n 4740 0
n 4741 0
n 4742 0
n 4743 0
n 4744 0
n 4745 0
n 4746 0
n 4747 0
n 4748 0
n 4749 0
n 4750 0
n 4751 0
n 4752 0
n 4753 0
n 4754 0
n 4755 0
n 4756 0
n 4757 0
n 4758 0
n 4759 0
n 4760 0
n 4761 0
n 4762 0
n 4763 0
n 4764 0
n 4765 0
n 4766 0
n 4767 0
n 4768 0
n 4769 0
n 4770 0
n 4771 0
n 4772 0
n 4773 0
n 4774 0
n 4775 0
n 4776 0
n 4777 0
n 4778 0
n 4779 0
n 4780 0
n 4781 0
n 4782 0
n 4783 0
n 4784 0
n 4785 0
n 4786 0
n 4787 0
n 4788 0
n 4789 0
n 4790 0
n 4791 0
n 4792 0
n 4793 0
n 4794 0
n 4795 0
n 4796 0
n 4797 0
n 4798 0
n 4799 0
n 4800 0
n 4801 0
n 4802 0
n 4803 0
n 4804 0
n 4805 0
n 4806 0
n 4807 0
n 4808 0
n 4809 0
n 4810 0
n 4811 0
n 4812 0
n 4813 0
n 4814 0
n 4815 0
n 4816 0
n 4817 0
n 4818 0
n 4819 0
n 4820 0
n 4821 0
n 4822 0
n 4823 0
n 4824 0
n 4825 0
n 4826 0
n 4827 0
n 4828 0
n 4829 0
n 4830 0
n 4831 0
n 4832 0
n 4833 0
n 4834 0
n 4835 0
n 4836 0
n 4837 0
n 4838 0
n 4839 0
n 4840 0
n 4841 0
n 4842 0
n 4843 0
n 4844 0
n 4845 0
n 4846 0
n 4847 0
n 4848 0
n 4849 0
n 4850 0
n 4851 0
n 4852 0
n 4853 0
n 4854 0
n 4855 0
n 4856 0
n 4857 0
n 4858 0
n 4859 0
n 4860 0
n 4861 0
n 4862 0
n 4863 0
n 4864 0
n 4865 0
n 4866 0
n 4867 0
n 4868 0
n 4869 0
n 4870 0
n 4871 0
n 4872 0
n 4873 0
n 4874 0
n 4875 0
n 4876 0
n 4877 0
n 4878 0
n 4879 0
n 4880 0
n 4881 0
n 4882 0
n 4883 0
n 4884 0
n 4885 0
n 4886 0
n 4887 0
n 4888 0
n 4889 0
n 4890 0
n 4891 0
n 4892 0
n 4893 0
n 4894 0
n 4895 0
n 4896 0
n 4897 0
n 4898 0
n 4899 0
n 4900 0
n 4901 0
n 4902 0
n 4903 0
n 4904 0
n 4905 0
n 4906 0
n 4907 0
n 4908 0
n 4909 0
n 4910 0
n 4911 0
n 4912 0
n 4913 0
n 4914 0
n 4915 0
n 4916 0
n 4917 0
n 4918 0
n 4919 0
n 4920 0
n 4921 0
n 4922 0
n 4923 0
n 4924 0
n 4925 0
n 4926 0
n 4927 0
n 4928 0
n 4929 0
n 4930 0
n 4931 0
n 4932 0
n 4933 0
n 4934 0
n 4935 0
n 4936 0
n 4937 0
n 4938 0
n 4939 0
n 4940 0
n 4941 0
n 4942 0
n 4943 0
n 4944 0
n 4945 0
n 4946 0
n 4947 0
n 4948 0
n 4949 0
n 4950 0
n 4951 0
n 4952 0
n 4953 0
n 4954 0
n 4955 0
n 4956 0
n 4957 0
n 4958 0
n 4959 0
n 4960 0
n 4961 0
n 4962 0
n 4963 0
n 4964 0
n 4965 0
n 4966 0
n 4967 0
n 4968 0
n 4969 0
n 4970 0
n 4971 0
n 4972 0
n 4973 0
n 4974 0
n 4975 0
n 4976 0
n 4977 0
n 4978 0
n 4979 0
n 4980 0
n 4981 0
n 4982 0
n 4983 0
n 4984 0
n 4985 0
n 4986 0
n 4987 0
n 4988 0
n 4989 0
n 4990 0
n 4991 0
n 4992 0
n 4993 0
n 4994 0
n 4995 0
n 4996 0
n 4997 0
n 4998 0
n 4999 0
n 5000 0
n 5001 0
n 5002 0
n 5003 0
n 5004 0
n 5005 0
n 5006 0
n 5007 0
n 5008 0
n 5009 0
n 5010 0
n 5011 0
n 5012 0
n 5013 0
n 5014 0
n 5015 0
n 5016 0
n 5017 0
n 5018 0
n 5019 0
n 5020 0
n 5021 0
n 5022 0
n 5023 0
n 5024 0
n 5025 0
n 5026 0
n 5027 0
n 5028 0
n 5029 0
n 5030 0
n 5031 0
n 5032 0
n 5033 0
n 5034 0
n 5035 0
n 5036 0
n 5037 0
n 5038 0
n 5039 0
n 5040 0
n 5041 0
n 5042 0
n 5043 0
n 5044 0
n 5045 0
n 5046 0
n 5047 0
n 5048 0
n 5049 0
n 5050 0
n 5051 0
n 5052 0
n 5053 0
n 5054 0
n 5055 0
n 5056 0
n 5057 0
n 5058 0
n 5059 0
n 5060 0
n 5061 0
n 5062 0
n 5063 0
n 5064 0
n 5065 0
n 5066 0
n 5067 0
n 5068 0
n 5069 0
n 5070 0
n 5071 0
n 5072 0
n 5073 0
n 5074 0
n 5075 0
n 5076 0
n 5077 0
n 5078 0
n 5079 0
n 5080 0
n 5081 0
n 5082 0
n 5083 0
n 5084 0
n 5085 0
n 5086 0
n 5087 0
n 5088 0
n 5089 0
n 5090 0
n 5091 0
n 5092 0
n 5093 0
n 5094 0
n 5095 0
n 5096 0
n 5097 0
n 5098 0
n 5099 0
n 5100 0
n 5101 0
n 5102 0
n 5103 0
n 5104 0
n 5105 0
n 5106 0
n 5107 0
n 5108 0
n 5109 0
n 5110 0
n 5111 0
n 5112 0
n 5113 0
n 5114 0
n 5115 0
n 5116 0
n 5117 0
n 5118 0
n 5119 0
n 5120 0
n 5121 0
n 5122 0
n 5123 0
n 5124 0
n 5125 0
n 5126 0
n 5127 0
n 5128 0
n 5129 0
n 5130 0
n 5131 0
n 5132 0
n 5133 0
n 5134 0
n 5135 0
n 5136 0
n 5137 0
n 5138 0
n 5139 0
n 5140 0
n 5141 0
n 5142 0
n 5143 0
n 5144 0
n 5145 0
n 5146 0
n 5147 0
n 5148 0
n 5149 0
n 5150 0
n 5151 0
n 5152 0
n 5153 0
n 5154 0
n 5155 0
n 5156 0
n 5157 0
n 5158 0
n 5159 0
n 5160 0
n 5161 0
n 5162 0
n 5163 0
n 5164 0
n 5165 0
n 5166 0
n 5167 0
n 5168 0
n 5169 0
n 5170 0
n 5171 0
n 5172 0
n 5173 0
n 5174 0
n 5175 0
n 5176 0
n 5177 0
n 5178 0
n 5179 0
n 5180 0
n 5181 0
n 5182 0
n 5183 0
n 5184 0
n 5185 0
n 5186 0
n 5187 0
n 5188 0
n 5189 0
n 5190 0
n 5191 0
n 5192 0
n 5193 0
n 5194 0
n 5195 0
n 5196 0
n 5197 0
n 5198 0
n 5199 0
n 5200 0
n 5201 0
n 5202 0
n 5203 0
n 5204 0
n 5205 0
n 5206 0
n 5207 0
n 5208 0
n 5209 0
n 5210 0
n 5211 0
n 5212 0
n 5213 0
n 5214 0
n 5215 0
n 5216 0
n 5217 0
n 5218 0
n 5219 0
n 5220 0
n 5221 0
n 5222 0
n 5223 0
n 5224 0
n 5225 0
n 5226 0
n 5227 0
n 5228 0
n 5229 0
n 5230 0
n 5231 0
n 5232 0
n 5233 0
n 5234 0
n 5235 0
n 5236 0
n 5237 0
n 5238 0
n 5239 0
n 5240 0
n 5241 0
n 5242 0
n 5243 0
n 5244 0
n 5245 0
n 5246 0
n 5247 0
n 5248 0
n 5249 0
n 5250 0
n 5251 0
n 5252 0
n 5253 0
n 5254 0
n 5255 0
n 5256 0
n 5257 0
n 5258 0
n 5259 0
n 5260 0
n 5261 0
n 5262 0
n 5263 0
n 5264 0
n 5265 0
n 5266 0
n 5267 0
n 5268 0
n 5269 0
n 5270 0
n 5271 0
n 5272 0
n 5273 0
n 5274 0
n 5275 0
n 5276 0
n 5277 0
n 5278 0
n 5279 0
n 5280 0
n 5281 0
n 5282 0
n 5283 0
n 5284 0
n 5285 0
n 5286 0
n 5287 0
n 5288 0
n 5289 0
n 5290 0
n 5291 0
n 5292 0
n 5293 0
n 5294 0
n 5295 0
n 5296 0
n 5297 0
n 5298 0
n 5299 0
n 5300 0
n 5301 0
n 5302 0
n 5303 0
n 5304 0
n 5305 0
n 5306 0
n 5307 0
n 5308 0
n 5309 0
n 5310 0
n 5311 0
n 5312 0
n 5313 0
n 5314 0
n 5315 0
n 5316 0
n 5317 0
n 5318 0
n 5319 0
n 5320 0
n 5321 0
n 5322 0
n 5323 0
n 5324 0
n 5325 0
n 5326 0
n 5327 0
n 5328 0
n 5329 0
n 5330 0
n 5331 0
n 5332 0
n 5333 0
n 5334 0
n 5335 0
n 5336 0
n 5337 0
n 5338 0
n 5339 0
n 5340 0
n 5341 0
n 5342 0
n 5343 0
n 5344 0
n 5345 0
n 5346 0
n 5347 0
n 5348 0
n 5349 0
n 5350 0
n 5351 0
n 5352 0
n 5353 0
n 5354 0
n 5355 0
n 5356 0
n 5357 0
n 5358 0
n 5359 0
n 5360 0
n 5361 0
n 5362 0
n 5363 0
n 5364 0
n 5365 0
n 5366 0
n 5367 0
n 5368 0
n 5369 0
n 5370 0
n 5371 0
n 5372 0
n 5373 0
n 5374 0
n 5375 0
n 5376 0
n 5377 0
n 5378 0
n 5379 0
n 5380 0
n 5381 0
n 5382 0
n 5383 0
n 5384 0
n 5385 0
n 5386 0
n 5387 0
n 5388 0
n 5389 0
n 5390 0
n 5391 0
n 5392 0
n 5393 0
n 5394 0
n 5395 0
n 5396 0
n 5397 0
n 5398 0
n 5399 0
n 5400 0
n 5401 0
n 5402 0
n 5403 0
n 5404 0
n 5405 0
n 5406 0
n 5407 0
n 5408 0
n 5409 0
n 5410 0
n 5411 0
n 5412 0
n 5413 0
n 5414 0
n 5415 0
n 5416 0
n 5417 0
n 5418 0
n 5419 0
n 5420 0
n 5421 0
n 5422 0
n 5423 0
n 5424 0
n 5425 0
n 5426 0
n 5427 0
n 5428 0
n 5429 0
n 5430 0
n 5431 0
n 5432 0
n 5433 0
n 5434 0
n 5435 0
n 5436 0
n 5437 0
n 5438 0
n 5439 0
n 5440 0
n 5441 0
n 5442 0
n 5443 0
n 5444 0
n 5445 0
n 5446 0
n 5447 0
n 5448 0
n 5449 0
n 5450 0
n 5451 0
n 5452 0
n 5453 0
n 5454 0
n 5455 0
n 5456 0
n 5457 0
n 5458 0
n 5459 0
n 5460 0
n 5461 0
n 5462 0
n 5463 0
n 5464 0
n 5465 0
n 5466 0
n 5467 0
n 5468 0
n 5469 0
n 5470 0
n 5471 0
n 5472 0
n 5473 0
n 5474 0
n 5475 0
n 5476 0
n 5477 0
n 5478 0
n 5479 0
n 5480 0
n 5481 0
n 5482 0
n 5483 0
n 5484 0
n 5485 0
n 5486 0
n 5487 0
n 5488 0
n 5489 0
n 5490 0
n 5491 0
n 5492 0
n 5493 0
n 5494 0
n 5495 0
n 5496 0
n 5497 0
n 5498 0
n 5499 0
n 5500 0
n 5501 0
n 5502 0
n 5503 0
n 5504 0
n 5505 0
n 5506 0
n 5507 0
n 5508 0
n 5509 0
n 5510 0
n 5511 0
n 5512 0
n 5513 0
n 5514 0
n 5515 0
n 5516 0
n 5517 0
n 5518 0
n 5519 0
n 5520 0
n 5521 0
n 5522 0
n 5523 0
n 5524 0
n 5525 0
n 5526 0
n 5527 0
n 5528 0
n 5529 0
n 5530 0
n 5531 0
n 5532 0
n 5533 0
n 5534 0
n 5535 0
n 5536 0
n 5537 0
n 5538 0
n 5539 0
n 5540 0
n 5541 0
n 5542 0
n 5543 0
n 5544 0
n 5545 0
n 5546 0
n 5547 0
n 5548 0
n 5549 0
n 5550 0
n 5551 0
n 5552 0
n 5553 0
n 5554 0
n 5555 0
n 5556 0
n 5557 0
n 5558 0
n 5559 0
n 5560 0
n 5561 0
n 5562 0
n 5563 0
n 5564 0
n 5565 0
n 5566 0
n 5567 0
n 5568 0
n 5569 0
n 5570 0
n 5571 0
n 5572 0
n 5573 0
n 5574 0
n 5575 0
n 5576 0
n 5577 0
n 5578 0
n 5579 0
n 5580 0
n 5581 0
n 5582 0
n 5583 0
n 5584 0
n 5585 0
n 5586 0
n 5587 0
n 5588 0
n 5589 0
n 5590 0
n 5591 0
n 5592 0
n 5593 0
n 5594 0
n 5595 0
n 5596 0
n 5597 0
n 5598 0
n 5599 0
n 5600 0
n 5601 0
n 5602 0
n 5603 0
n 5604 0
n 5605 0
n 5606 0
n 5607 0
n 5608 0
n 5609 0
n 5610 0
n 5611 0
n 5612 0
n 5613 0
n 5614 0
n 5615 0
n 5616 0
n 5617 0
n 5618 0
n 5619 0
n 5620 0
n 5621 0
n 5622 0
n 5623 0
n 5624 0
n 5625 0
n 5626 0
n 5627 0
n 5628 0
n 5629 0
n 5630 0
n 5631 0
n 5632 0
n 5633 0
n 5634 0
n 5635 0
n 5636 0
n 5637 0
n 5638 0
n 5639 0
n 5640 0
n 5641 0
n 5642 0
n 5643 0
n 5644 0
n 5645 0
n 5646 0
n 5647 0
n 5648 0
n 5649 0
n 5650 0
n 5651 0
n 5652 0
n 5653 0
n 5654 0
n 5655 0
n 5656 0
n 5657 0
n 5658 0
n 5659 0
n 5660 0
n 5661 0
n 5662 0
n 5663 0
n 5664 0
n 5665 0
n 5666 0
n 5667 0
n 5668 0
n 5669 0
n 5670 0
n 5671 0
n 5672 0
n 5673 0
n 5674 0
n 5675 0
n 5676 0
n 5677 0
n 5678 0
n 5679 0
n 5680 0
n 5681 0
n 5682 0
n 5683 0
n 5684 0
n 5685 0
n 5686 0
n 5687 0
n 5688 0
n 5689 0
n 5690 0
n 5691 0
n 5692 0
n 5693 0
n 5694 0
n 5695 0
n 5696 0
n 5697 0
n 5698 0
n 5699 0
n 5700 0
n 5701 0
n 5702 0
n 5703 0
n 5704 0
n 5705 0
n 5706 0
n 5707 0
n 5708 0
n 5709 0
n 5710 0
n 5711 0
n 5712 0
n 5713 0
n 5714 0
n 5715 0
n 5716 0
n 5717 0
n 5718 0
n 5719 0
n 5720 0
n 5721 0
n 5722 0
n 5723 0
n 5724 0
n 5725 0
n 5726 0
n 5727 0
n 5728 0
n 5729 0
n 5730 0
n 5731 0
n 5732 0
n 5733 0
n 5734 0
n 5735 0
n 5736 0
n 5737 0
n 5738 0
n 5739 0
n 5740 0
n 5741 0
n 5742 0
n 5743 0
n 5744 0
n 5745 0
n 5746 0
n 5747 0
n 5748 0
n 5749 0
n 5750 0
n 5751 0
n 5752 0
n 5753 0
n 5754 0
n 5755 0
n 5756 0
n 5757 0
n 5758 0
n 5759 0
n 5760 0
n 5761 0
n 5762 0
n 5763 0
n 5764 0
n 5765 0
n 5766 0
n 5767 0
n 5768 0
n 5769 0
n 5770 0
n 5771 0
n 5772 0
n 5773 0
n 5774 0
n 5775 0
n 5776 0
n 5777 0
n 5778 0
n 5779 0
n 5780 0
n 5781 0
n 5782 0
n 5783 0
n 5784 0
n 5785 0
n 5786 0
n 5787 0
n 5788 0
n 5789 0
n 5790 0
n 5791 0
n 5792 0
n 5793 0
n 5794 0
n 5795 0
n 5796 0
n 5797 0
n 5798 0
n 5799 0
n 5800 0
n 5801 0
n 5802 0
n 5803 0
n 5804 0
n 5805 0
n 5806 0
n 5807 0
n 5808 0
n 5809 0
n 5810 0
n 5811 0
n 5812 0
n 5813 0
n 5814 0
n 5815 0
n 5816 0
n 5817 0
n 5818 0
n 5819 0
n 5820 0
n 5821 0
n 5822 0
n 5823 0
n 5824 0
n 5825 0
n 5826 0
n 5827 0
n 5828 0
n 5829 0
n 5830 0
n 5831 0
n 5832 0
n 5833 0
n 5834 0
n 5835 0
n 5836 0
n 5837 0
n 5838 0
n 5839 0
n 5840 0
n 5841 0
n 5842 0
n 5843 0
n 5844 0
n 5845 0
n 5846 0
n 5847 0
n 5848 0
n 5849 0
n 5850 0
n 5851 0
n 5852 0
n 5853 0
n 5854 0
n 5855 0
n 5856 0
n 5857 0
n 5858 0
n 5859 0
n 5860 0
n 5861 0
n 5862 0
n 5863 0
n 5864 0
n 5865 0
n 5866 0
n 5867 0
n 5868 0
n 5869 0
n 5870 0
n 5871 0
n 5872 0
n 5873 0
n 5874 0
n 5875 0
n 5876 0
n 5877 0
n 5878 0
n 5879 0
n 5880 0
n 5881 0
n 5882 0
n 5883 0
n 5884 0
n 5885 0
n 5886 0
n 5887 0
n 5888 0
n 5889 0
n 5890 0
n 5891 0
n 5892 0
n 5893 0
n 5894 0
n 5895 0
n 5896 0
n 5897 0
n 5898 0
n 5899 0
n 5900 0
n 5901 0
n 5902 0
n 5903 0
n 5904 0
n 5905 0
n 5906 0
n 5907 0
n 5908 0
n 5909 0
n 5910 0
n 5911 0
n 5912 0
n 5913 0
n 5914 0
n 5915 0
n 5916 0
n 5917 0
n 5918 0
n 5919 0
n 5920 0
n 5921 0
n 5922 0
n 5923 0
n 5924 0
n 5925 0
n 5926 0
n 5927 0
n 5928 0
n 5929 0
n 5930 0
n 5931 0
n 5932 0
n 5933 0
n 5934 0
n 5935 0
n 5936 0
n 5937 0
n 5938 0
n 5939 0
n 5940 0
n 5941 0
n 5942 0
n 5943 0
n 5944 0
n 5945 0
n 5946 0
n 5947 0
n 5948 0
n 5949 0
n 5950 0
n 5951 0
n 5952 0
n 5953 0
n 5954 0
n 5955 0
n 5956 0
n 5957 0
n 5958 0
n 5959 0
n 5960 0
n 5961 0
n 5962 0
n 5963 0
n 5964 0
n 5965 0
n 5966 0
n 5967 0
n 5968 0
n 5969 0
n 5970 0
n 5971 0
n 5972 0
n 5973 0
n 5974 0
n 5975 0
n 5976 0
n 5977 0
n 5978 0
n 5979 0
n 5980 0
n 5981 0
n 5982 0
n 5983 0
n 5984 0
n 5985 0
n 5986 0
n 5987 0
n 5988 0
n 5989 0
n 5990 0
n 5991 0
n 5992 0
n 5993 0
n 5994 0
n 5995 0
n 5996 0
n 5997 0
n 5998 0
n 5999 0
n 6000 0
n 6001 0
n 6002 0
n 6003 0
n 6004 0
n 6005 0
n 6006 0
n 6007 0
n 6008 0
n 6009 0
n 6010 0
n 6011 0
n 6012 0
n 6013 0
n 6014 0
n 6015 0
n 6016 0
n 6017 0
n 6018 0
n 6019 0
n 6020 0
n 6021 0
n 6022 0
n 6023 0
n 6024 0
n 6025 0
n 6026 0
n 6027 0
n 6028 0
n 6029 0
n 6030 0
n 6031 0
n 6032 0
n 6033 0
n 6034 0
n 6035 0
n 6036 0
n 6037 0
n 6038 0
n 6039 0
n 6040 0
n 6041 0
n 6042 0
n 6043 0
n 6044 0
n 6045 0
n 6046 0
n 6047 0
n 6048 0
n 6049 0
n 6050 0
n 6051 0
n 6052 0
n 6053 0
n 6054 0
n 6055 0
n 6056 0
n 6057 0
n 6058 0
n 6059 0
n 6060 0
n 6061 0
n 6062 0
n 6063 0
n 6064 0
n 6065 0
n 6066 0
n 6067 0
n 6068 0
n 6069 0
n 6070 0
n 6071 0
n 6072 0
n 6073 0
n 6074 0
n 6075 0
n 6076 0
n 6077 0
n 6078 0
n 6079 0
n 6080 0
n 6081 0
n 6082 0
n 6083 0
n 6084 0
n 6085 0
n 6086 0
n 6087 0
n 6088 0
n 6089 0
n 6090 0
n 6091 0
n 6092 0
n 6093 0
n 6094 0
n 6095 0
n 6096 0
n 6097 0
n 6098 0
n 6099 0
n 6100 0
n 6101 0
n 6102 0
n 6103 0
n 6104 0
n 6105 0
n 6106 0
n 6107 0
n 6108 0
n 6109 0
n 6110 0
n 6111 0
n 6112 0
n 6113 0
n 6114 0
n 6115 0
n 6116 0
n 6117 0
n 6118 0
n 6119 0
n 6120 0
n 6121 0
n 6122 0
n 6123 0
n 6124 0
n 6125 0
n 6126 0
n 6127 0
n 6128 0
n 6129 0
n 6130 0
n 6131 0
n 6132 0
n 6133 0
n 6134 0
n 6135 0
n 6136 0
n 6137 0
n 6138 0
n 6139 0
n 6140 0
n 6141 0
n 6142 0
n 6143 0
n 6144 0
n 6145 0
n 6146 0
n 6147 0
n 6148 0
n 6149 0
n 6150 0
n 6151 0
n 6152 0
n 6153 0
n 6154 0
n 6155 0
n 6156 0
n 6157 0
n 6158 0
n 6159 0
n 6160 0
n 6161 0
n 6162 0
n 6163 0
n 6164 0
n 6165 0
n 6166 0
n 6167 0
n 6168 0
n 6169 0
n 6170 0
n 6171 0
n 6172 0
n 6173 0
n 6174 0
n 6175 0
n 6176 0
n 6177 0
n 6178 0
n 6179 0
n 6180 0
n 6181 0
n 6182 0
n 6183 0
n 6184 0
n 6185 0
n 6186 0
n 6187 0
n 6188 0
n 6189 0
n 6190 0
n 6191 0
n 6192 0
n 6193 0
n 6194 0
n 6195 0
n 6196 0
n 6197 0
n 6198 0
n 6199 0
n 6200 0
n 6201 0
n 6202 0
n 6203 0
n 6204 0
n 6205 0
n 6206 0
n 6207 0
n 6208 0
n 6209 0
n 6210 0
n 6211 0
n 6212 0
n 6213 0
n 6214 0
n 6215 0
n 6216 0
n 6217 0
n 6218 0
n 6219 0
n 6220 0
n 6221 0
n 6222 0
n 6223 0
n 6224 0
n 6225 0
n 6226 0
n 6227 0
n 6228 0
n 6229 0
n 6230 0
n 6231 0
n 6232 0
n 6233 0
n 6234 0
n 6235 0
n 6236 0
n 6237 0
n 6238 0
n 6239 0
n 6240 0
n 6241 0
n 6242 0
n 6243 0
n 6244 0
n 6245 0
n 6246 0
n 6247 0
n 6248 0
n 6249 0
n 6250 0
n 6251 0
n 6252 0
n 6253 0
n 6254 0
n 6255 0
n 6256 0
n 6257 0
n 6258 0
n 6259 0
n 6260 0
n 6261 0
n 6262 0
n 6263 0
n 6264 0
n 6265 0
n 6266 0
n 6267 0
n 6268 0
n 6269 0
n 6270 0
n 6271 0
n 6272 0
n 6273 0
n 6274 0
n 6275 0
n 6276 0
n 6277 0
n 6278 0
n 6279 0
n 6280 0
n 6281 0
n 6282 0
n 6283 0
n 6284 0
n 6285 0
n 6286 0
n 6287 0
n 6288 0
n 6289 0
n 6290 0
n 6291 0
n 6292 0
n 6293 0
n 6294 0
n 6295 0
n 6296 0
n 6297 0
n 6298 0
n 6299 0
n 6300 0
n 6301 0
n 6302 0
n 6303 0
n 6304 0
n 6305 0
n 6306 0
n 6307 0
n 6308 0
n 6309 0
n 6310 0
n 6311 0
n 6312 0
n 6313 0
n 6314 0
n 6315 0
n 6316 0
n 6317 0
n 6318 0
n 6319 0
n 6320 0
n 6321 0
n 6322 0
n 6323 0
n 6324 0
n 6325 0
n 6326 0
n 6327 0
n 6328 0
n 6329 0
n 6330 0
n 6331 0
n 6332 0
n 6333 0
n 6334 0
n 6335 0
n 6336 0
n 6337 0
n 6338 0
n 6339 0
n 6340 0
n 6341 0
n 6342 0
n 6343 0
n 6344 0
n 6345 0
n 6346 0
n 6347 0
n 6348 0
n 6349 0
n 6350 0
n 6351 0
n 6352 0
n 6353 0
n 6354 0
n 6355 0
n 6356 0
n 6357 0
n 6358 0
n 6359 0
n 6360 0
n 6361 0
n 6362 0
n 6363 0
n 6364 0
n 6365 0
n 6366 0
n 6367 0
n 6368 0
n 6369 0
n 6370 0
n 6371 0
n 6372 0
n 6373 0
n 6374 0
n 6375 0
n 6376 0
n 6377 0
n 6378 0
n 6379 0
n 6380 0
n 6381 0
n 6382 0
n 6383 0
n 6384 0
n 6385 0
n 6386 0
n 6387 0
n 6388 0
n 6389 0
n 6390 0
n 6391 0
n 6392 0
n 6393 0
n 6394 0
n 6395 0
n 6396 0
n 6397 0
n 6398 0
n 6399 0
n 6400 0
n 6401 0
n 6402 0
n 6403 0
n 6404 0
n 6405 0
n 6406 0
n 6407 0
n 6408 0
n 6409 0
n 6410 0
n 6411 0
n 6412 0
n 6413 0
n 6414 0
n 6415 0
n 6416 0
n 6417 0
n 6418 0
n 6419 0
n 6420 0
n 6421 0
n 6422 0
n 6423 0
n 6424 0
n 6425 0
n 6426 0
n 6427 0
n 6428 0
n 6429 0
n 6430 0
n 6431 0
n 6432 0
n 6433 0
n 6434 0
n 6435 0
n 6436 0
n 6437 0
n 6438 0
n 6439 0
n 6440 0
n 6441 0
n 6442 0
n 6443 0
n 6444 0
n 6445 0
n 6446 0
n 6447 0
n 6448 0
n 6449 0
n 6450 0
n 6451 0
n 6452 0
n 6453 0
n 6454 0
n 6455 0
n 6456 0
n 6457 0
n 6458 0
n 6459 0
n 6460 0
n 6461 0
n 6462 0
n 6463 0
n 6464 0
n 6465 0
n 6466 0
n 6467 0
n 6468 0
n 6469 0
n 6470 0
n 6471 0
n 6472 0
n 6473 0
n 6474 0
n 6475 0
n 6476 0
n 6477 0
n 6478 0
n 6479 0
n 6480 0
n 6481 0
n 6482 0
n 6483 0
n 6484 0
n 6485 0
n 6486 0
n 6487 0
n 6488 0
n 6489 0
n 6490 0
n 6491 0
n 6492 0
n 6493 0
n 6494 0
n 6495 0
n 6496 0
n 6497 0
n 6498 0
n 6499 0
n 6500 0
n 6501 0
n 6502 0
n 6503 0
n 6504 0
n 6505 0
n 6506 0
n 6507 0
n 6508 0
n 6509 0
n 6510 0
n 6511 0
n 6512 0
n 6513 0
n 6514 0
n 6515 0
n 6516 0
n 6517 0
n 6518 0
n 6519 0
n 6520 0
n 6521 0
n 6522 0
n 6523 0
n 6524 0
n 6525 0
n 6526 0
n 6527 0
n 6528 0
n 6529 0
n 6530 0
n 6531 0
n 6532 0
n 6533 0
n 6534 0
n 6535 0
n 6536 0
n 6537 0
n 6538 0
n 6539 0
n 6540 0
n 6541 0
n 6542 0
n 6543 0
n 6544 0
n 6545 0
n 6546 0
n 6547 0
n 6548 0
n 6549 0
n 6550 0
n 6551 0
n 6552 0
n 6553 0
n 6554 0
n 6555 0
n 6556 0
n 6557 0
n 6558 0
n 6559 0
n 6560 0
n 6561 0
n 6562 0
n 6563 0
n 6564 0
n 6565 0
n 6566 0
n 6567 0
n 6568 0
n 6569 0
n 6570 0
n 6571 0
n 6572 0
n 6573 0
n 6574 0
n 6575 0
n 6576 0
n 6577 0
n 6578 0
n 6579 0
n 6580 0
n 6581 0
n 6582 0
n 6583 0
n 6584 0
n 6585 0
n 6586 0
n 6587 0
n 6588 0
n 6589 0
n 6590 0
n 6591 0
n 6592 0
n 6593 0
n 6594 0
n 6595 0
n 6596 0
n 6597 0
n 6598 0
n 6599 0
n 6600 0
n 6601 0
n 6602 0
n 6603 0
n 6604 0
n 6605 0
n 6606 0
n 6607 0
n 6608 0
n 6609 0
n 6610 0
n 6611 0
n 6612 0
n 6613 0
n 6614 0
n 6615 0
n 6616 0
n 6617 0
n 6618 0
n 6619 0
n 6620 0
n 6621 0
n 6622 0
n 6623 0
n 6624 0
n 6625 0
n 6626 0
n 6627 0
n 6628 0
n 6629 0
n 6630 0
n 6631 0
n 6632 0
n 6633 0
n 6634 0
n 6635 0
n 6636 0
n 6637 0
n 6638 0
n 6639 0
n 6640 0
n 6641 0
n 6642 0
n 6643 0
n 6644 0
n 6645 0
n 6646 0
n 6647 0
n 6648 0
n 6649 0
n 6650 0
n 6651 0
n 6652 0
n 6653 0
n 6654 0
n 6655 0
n 6656 0
n 6657 0
n 6658 0
n 6659 0
n 6660 0
n 6661 0
n 6662 0
n 6663 0
n 6664 0
n 6665 0
n 6666 0
n 6667 0
n 6668 0
n 6669 0
n 6670 0
n 6671 0
n 6672 0
n 6673 0
n 6674 0
n 6675 0
n 6676 0
n 6677 0
n 6678 0
n 6679 0
n 6680 0
n 6681 0
n 6682 0
n 6683 0
n 6684 0
n 6685 0
n 6686 0
n 6687 0
n 6688 0
n 6689 0
n 6690 0
n 6691 0
n 6692 0
n 6693 0
n 6694 0
n 6695 0
n 6696 0
n 6697 0
n 6698 0
n 6699 0
n 6700 0
n 6701 0
n 6702 0
n 6703 0
n 6704 0
n 6705 0
n 6706 0
n 6707 0
n 6708 0
n 6709 0
n 6710 0
n 6711 0
n 6712 0
n 6713 0
n 6714 0
n 6715 0
n 6716 0
n 6717 0
n 6718 0
n 6719 0
n 6720 0
n 6721 0
n 6722 0
n 6723 0
n 6724 0
n 6725 0
n 6726 0
n 6727 0
n 6728 0
n 6729 0
n 6730 0
n 6731 0
n 6732 0
n 6733 0
n 6734 0
n 6735 0
n 6736 0
n 6737 0
n 6738 0
n 6739 0
n 6740 0
n 6741 0
n 6742 0
n 6743 0
n 6744 0
n 6745 0
n 6746 0
n 6747 0
n 6748 0
n 6749 0
n 6750 0
n 6751 0
n 6752 0
n 6753 0
n 6754 0
n 6755 0
n 6756 0
n 6757 0
n 6758 0
n 6759 0
n 6760 0
n 6761 0
n 6762 0
n 6763 0
n 6764 0
n 6765 0
n 6766 0
n 6767 0
n 6768 0
n 6769 0
n 6770 0
n 6771 0
n 6772 0
n 6773 0
n 6774 0
n 6775 0
n 6776 0
n 6777 0
n 6778 0
n 6779 0
n 6780 0
n 6781 0
n 6782 0
n 6783 0
n 6784 0
n 6785 0
n 6786 0
n 6787 0
n 6788 0
n 6789 0
n 6790 0
n 6791 0
n 6792 0
n 6793 0
n 6794 0
n 6795 0
n 6796 0
n 6797 0
n 6798 0
n 6799 0
n 6800 0
n 6801 0
n 6802 0
n 6803 0
n 6804 0
n 6805 0
n 6806 0
n 6807 0
n 6808 0
n 6809 0
n 6810 0
n 6811 0
n 6812 0
n 6813 0
n 6814 0
n 6815 0
n 6816 0
n 6817 0
n 6818 0
n 6819 0
n 6820 0
n 6821 0
n 6822 0
n 6823 0
n 6824 0
n 6825 0
n 6826 0
n 6827 0
n 6828 0
n 6829 0
n 6830 0
n 6831 0
n 6832 0
n 6833 0
n 6834 0
n 6835 0
n 6836 0
n 6837 0
n 6838 0
n 6839 0
n 6840 0
n 6841 0
n 6842 0
n 6843 0
n 6844 0
n 6845 0
n 6846 0
n 6847 0
n 6848 0
n 6849 0
n 6850 0
n 6851 0
n 6852 0
n 6853 0
n 6854 0
n 6855 0
n 6856 0
n 6857 0
n 6858 0
n 6859 0
n 6860 0
n 6861 0
n 6862 0
n 6863 0
n 6864 0
n 6865 0
n 6866 0
n 6867 0
n 6868 0
n 6869 0
n 6870 0
n 6871 0
n 6872 0
n 6873 0
n 6874 0
n 6875 0
n 6876 0
n 6877 0
n 6878 0
n 6879 0
n 6880 0
n 6881 0
n 6882 0
n 6883 0
n 6884 0
n 6885 0
n 6886 0
n 6887 0
n 6888 0
n 6889 0
n 6890 0
n 6891 0
n 6892 0
n 6893 0
n 6894 0
n 6895 0
n 6896 0
n 6897 0
n 6898 0
n 6899 0
n 6900 0
n 6901 0
n 6902 0
n 6903 0
n 6904 0
n 6905 0
n 6906 0
n 6907 0
n 6908 0
n 6909 0
n 6910 0
n 6911 0
n 6912 0
n 6913 0
n 6914 0
n 6915 0
n 6916 0
n 6917 0
n 6918 0
n 6919 0
n 6920 0
n 6921 0
n 6922 0
n 6923 0
n 6924 0
n 6925 0
n 6926 0
n 6927 0
n 6928 0
n 6929 0
n 6930 0
n 6931 0
n 6932 0
n 6933 0
n 6934 0
n 6935 0
n 6936 0
n 6937 0
n 6938 0
n 6939 0
n 6940 0
n 6941 0
n 6942 0
n 6943 0
n 6944 0
n 6945 0
n 6946 0
n 6947 0
n 6948 0
n 6949 0
n 6950 0
n 6951 0
n 6952 0
n 6953 0
n 6954 0
n 6955 0
n 6956 0
n 6957 0
n 6958 0
n 6959 0
n 6960 0
n 6961 0
n 6962 0
n 6963 0
n 6964 0
n 6965 0
n 6966 0
n 6967 0
n 6968 0
n 6969 0
n 6970 0
n 6971 0
n 6972 0
n 6973 0
n 6974 0
n 6975 0
n 6976 0
n 6977 0
n 6978 0
n 6979 0
n 6980 0
n 6981 0
n 6982 0
n 6983 0
n 6984 0
n 6985 0
n 6986 0
n 6987 0
n 6988 0
n 6989 0
n 6990 0
n 6991 0
n 6992 0
n 6993 0
n 6994 0
n 6995 0
n 6996 0
n 6997 0
n 6998 0
n 6999 0
n 7000 0
n 7001 0
n 7002 0
n 7003 0
n 7004 0
n 7005 0
n 7006 0
n 7007 0
n 7008 0
n 7009 0
n 7010 0
n 7011 0
n 7012 0
n 7013 0
n 7014 0
n 7015 0
n 7016 0
n 7017 0
n 7018 0
n 7019 0
n 7020 0
n 7021 0
n 7022 0
n 7023 0
n 7024 0
n 7025 0
n 7026 0
n 7027 0
n 7028 0
n 7029 0
n 7030 0
n 7031 0
n 7032 0
n 7033 0
n 7034 0
n 7035 0
n 7036 0
n 7037 0
n 7038 0
n 7039 0
n 7040 0
n 7041 0
n 7042 0
n 7043 0
n 7044 0
n 7045 0
n 7046 0
n 7047 0
n 7048 0
n 7049 0
n 7050 0
n 7051 0
n 7052 0
n 7053 0
n 7054 0
n 7055 0
n 7056 0
n 7057 0
n 7058 0
n 7059 0
n 7060 0
n 7061 0
n 7062 0
n 7063 0
n 7064 0
n 7065 0
n 7066 0
n 7067 0
n 7068 0
n 7069 0
n 7070 0
n 7071 0
n 7072 0
n 7073 0
n 7074 0
n 7075 0
n 7076 0
n 7077 0
n 7078 0
n 7079 0
n 7080 0
n 7081 0
n 7082 0
n 7083 0
n 7084 0
n 7085 0
n 7086 0
n 7087 0
n 7088 0
n 7089 0
n 7090 0
n 7091 0
n 7092 0
n 7093 0
n 7094 0
n 7095 0
n 7096 0
n 7097 0
n 7098 0
n 7099 0
n 7100 0
n 7101 0
n 7102 0
n 7103 0
n 7104 0
n 7105 0
n 7106 0
n 7107 0
n 7108 0
n 7109 0
n 7110 0
n 7111 0
n 7112 0
n 7113 0
n 7114 0
n 7115 0
n 7116 0
n 7117 0
n 7118 0
n 7119 0
n 7120 0
n 7121 0
n 7122 0
n 7123 0
n 7124 0
n 7125 0
n 7126 0
n 7127 0
n 7128 0
n 7129 0
n 7130 0
n 7131 0
n 7132 0
n 7133 0
n 7134 0
n 7135 0
n 7136 0
n 7137 0
n 7138 0
n 7139 0
n 7140 0
n 7141 0
n 7142 0
n 7143 0
n 7144 0
n 7145 0
n 7146 0
n 7147 0
n 7148 0
n 7149 0
n 7150 0
n 7151 0
n 7152 0
n 7153 0
n 7154 0
n 7155 0
n 7156 0
n 7157 0
n 7158 0
n 7159 0
n 7160 0
n 7161 0
n 7162 0
n 7163 0
n 7164 0
n 7165 0
n 7166 0
n 7167 0
n 7168 0
n 7169 0
n 7170 0
n 7171 0
n 7172 0
n 7173 0
n 7174 0
n 7175 0
n 7176 0
n 7177 0
n 7178 0
n 7179 0
n 7180 0
n 7181 0
n 7182 0
n 7183 0
n 7184 0
n 7185 0
n 7186 0
n 7187 0
n 7188 0
n 7189 0
n 7190 0
n 7191 0
n 7192 0
n 7193 0
n 7194 0
n 7195 0
n 7196 0
n 7197 0
n 7198 0
n 7199 0
n 7200 0
n 7201 0
n 7202 0
n 7203 0
n 7204 0
n 7205 0
n 7206 0
n 7207 0
n 7208 0
n 7209 0
n 7210 0
n 7211 0
n 7212 0
n 7213 0
n 7214 0
n 7215 0
n 7216 0
n 7217 0
n 7218 0
n 7219 0
n 7220 0
n 7221 0
n 7222 0
n 7223 0
n 7224 0
n 7225 0
n 7226 0
n 7227 0
n 7228 0
n 7229 0
n 7230 0
n 7231 0
n 7232 0
n 7233 0
n 7234 0
n 7235 0
n 7236 0
n 7237 0
n 7238 0
n 7239 0
n 7240 0
n 7241 0
n 7242 0
n 7243 0
n 7244 0
n 7245 0
n 7246 0
n 7247 0
n 7248 0
n 7249 0
n 7250 0
n 7251 0
n 7252 0
n 7253 0
n 7254 0
n 7255 0
n 7256 0
n 7257 0
n 7258 0
n 7259 0
n 7260 0
n 7261 0
n 7262 0
n 7263 0
n 7264 0
n 7265 0
n 7266 0
n 7267 0
n 7268 0
n 7269 0
n 7270 0
n 7271 0
n 7272 0
n 7273 0
n 7274 0
n 7275 0
n 7276 0
n 7277 0
n 7278 0
n 7279 0
n 7280 0
n 7281 0
n 7282 0
n 7283 0
n 7284 0
n 7285 0
n 7286 0
n 7287 0
n 7288 0
n 7289 0
n 7290 0
n 7291 0
n 7292 0
n 7293 0
n 7294 0
n 7295 0
n 7296 0
n 7297 0
n 7298 0
n 7299 0
n 7300 0
n 7301 0
n 7302 0
n 7303 0
n 7304 0
n 7305 0
n 7306 0
n 7307 0
n 7308 0
n 7309 0
n 7310 0
n 7311 0
n 7312 0
n 7313 0
n 7314 0
n 7315 0
n 7316 0
n 7317 0
n 7318 0
n 7319 0
n 7320 0
n 7321 0
n 7322 0
n 7323 0
n 7324 0
n 7325 0
n 7326 0
n 7327 0
n 7328 0
n 7329 0
n 7330 0
n 7331 0
n 7332 0
n 7333 0
n 7334 0
n 7335 0
n 7336 0
n 7337 0
n 7338 0
n 7339 0
n 7340 0
n 7341 0
n 7342 0
n 7343 0
n 7344 0
n 7345 0
n 7346 0
n 7347 0
n 7348 0
n 7349 0
n 7350 0
n 7351 0
n 7352 0
n 7353 0
n 7354 0
n 7355 0
n 7356 0
n 7357 0
n 7358 0
n 7359 0
n 7360 0
n 7361 0
n 7362 0
n 7363 0
n 7364 0
n 7365 0
n 7366 0
n 7367 0
n 7368 0
n 7369 0
n 7370 0
n 7371 0
n 7372 0
n 7373 0
n 7374 0
n 7375 0
n 7376 0
n 7377 0
n 7378 0
n 7379 0
n 7380 0
n 7381 0
n 7382 0
n 7383 0
n 7384 0
n 7385 0
n 7386 0
n 7387 0
n 7388 0
n 7389 0
n 7390 0
n 7391 0
n 7392 0
n 7393 0
n 7394 0
n 7395 0
n 7396 0
n 7397 0
n 7398 0
n 7399 0
n 7400 0
n 7401 0
n 7402 0
n 7403 0
n 7404 0
n 7405 0
n 7406 0
n 7407 0
n 7408 0
n 7409 0
n 7410 0
n 7411 0
n 7412 0
n 7413 0
n 7414 0
n 7415 0
n 7416 0
n 7417 0
n 7418 0
n 7419 0
n 7420 0
n 7421 0
n 7422 0
n 7423 0
n 7424 0
n 7425 0
n 7426 0
n 7427 0
n 7428 0
n 7429 0
n 7430 0
n 7431 0
n 7432 0
n 7433 0
n 7434 0
n 7435 0
n 7436 0
n 7437 0
n 7438 0
n 7439 0
n 7440 0
n 7441 0
n 7442 0
n 7443 0
n 7444 0
n 7445 0
n 7446 0
n 7447 0
n 7448 0
n 7449 0
n 7450 0
n 7451 0
n 7452 0
n 7453 0
n 7454 0
n 7455 0
n 7456 0
n 7457 0
n 7458 0
n 7459 0
n 7460 0
n 7461 0
n 7462 0
n 7463 0
n 7464 0
n 7465 0
n 7466 0
n 7467 0
n 7468 0
n 7469 0
n 7470 0
n 7471 0
n 7472 0
n 7473 0
n 7474 0
n 7475 0
n 7476 0
n 7477 0
n 7478 0
n 7479 0
n 7480 0
n 7481 0
n 7482 0
n 7483 0
n 7484 0
n 7485 0
n 7486 0
n 7487 0
n 7488 0
n 7489 0
n 7490 0
n 7491 0
n 7492 0
n 7493 0
n 7494 0
n 7495 0
n 7496 0
n 7497 0
n 7498 0
n 7499 0
n 7500 0
n 7501 0
n 7502 0
n 7503 0
n 7504 0
n 7505 0
n 7506 0
n 7507 0
n 7508 0
n 7509 0
n 7510 0
n 7511 0
n 7512 0
n 7513 0
n 7514 0
n 7515 0
n 7516 0
n 7517 0
n 7518 0
n 7519 0
n 7520 0
n 7521 0
n 7522 0
n 7523 0
n 7524 0
n 7525 0
n 7526 0
n 7527 0
n 7528 0
n 7529 0
n 7530 0
n 7531 0
n 7532 0
n 7533 0
n 7534 0
n 7535 0
n 7536 0
n 7537 0
n 7538 0
n 7539 0
n 7540 0
n 7541 0
n 7542 0
n 7543 0
n 7544 0
n 7545 0
n 7546 0
n 7547 0
n 7548 0
n 7549 0
n 7550 0
n 7551 0
n 7552 0
n 7553 0
n 7554 0
n 7555 0
n 7556 0
n 7557 0
n 7558 0
n 7559 0
n 7560 0
n 7561 0
n 7562 0
n 7563 0
n 7564 0
n 7565 0
n 7566 0
n 7567 0
n 7568 0
n 7569 0
n 7570 0
n 7571 0
n 7572 0
n 7573 0
n 7574 0
n 7575 0
n 7576 0
n 7577 0
n 7578 0
n 7579 0
n 7580 0
n 7581 0
n 7582 0
n 7583 0
n 7584 0
n 7585 0
n 7586 0
n 7587 0
n 7588 0
n 7589 0
n 7590 0
n 7591 0
n 7592 0
n 7593 0
n 7594 0
n 7595 0
n 7596 0
n 7597 0
n 7598 0
n 7599 0
n 7600 0
n 7601 0
n 7602 0
n 7603 0
n 7604 0
n 7605 0
n 7606 0
n 7607 0
n 7608 0
n 7609 0
n 7610 0
n 7611 0
n 7612 0
n 7613 0
n 7614 0
n 7615 0
n 7616 0
n 7617 0
n 7618 0
n 7619 0
n 7620 0
n 7621 0
n 7622 0
n 7623 0
n 7624 0
n 7625 0
n 7626 0
n 7627 0
n 7628 0
n 7629 0
n 7630 0
n 7631 0
n 7632 0
n 7633 0
n 7634 0
n 7635 0
n 7636 0
n 7637 0
n 7638 0
n 7639 0
n 7640 0
n 7641 0
n 7642 0
n 7643 0
n 7644 0
n 7645 0
n 7646 0
n 7647 0
n 7648 0
n 7649 0
n 7650 0
n 7651 0
n 7652 0
n 7653 0
n 7654 0
n 7655 0
n 7656 0
n 7657 0
n 7658 0
n 7659 0
n 7660 0
n 7661 0
n 7662 0
n 7663 0
n 7664 0
n 7665 0
n 7666 0
n 7667 0
n 7668 0
n 7669 0
n 7670 0
n 7671 0
n 7672 0
n 7673 0
n 7674 0
n 7675 0
n 7676 0
n 7677 0
n 7678 0
n 7679 0
n 7680 0
n 7681 0
n 7682 0
n 7683 0
n 7684 0
n 7685 0
n 7686 0
n 7687 0
n 7688 0
n 7689 0
n 7690 0
n 7691 0
n 7692 0
n 7693 0
n 7694 0
n 7695 0
n 7696 0
n 7697 0
n 7698 0
n 7699 0
n 7700 0
n 7701 0
n 7702 0
n 7703 0
n 7704 0
n 7705 0
n 7706 0
n 7707 0
n 7708 0
n 7709 0
n 7710 0
n 7711 0
n 7712 0
n 7713 0
n 7714 0
n 7715 0
n 7716 0
n 7717 0
n 7718 0
n 7719 0
n 7720 0
n 7721 0
n 7722 0
n 7723 0
n 7724 0
n 7725 0
n 7726 0
n 7727 0
n 7728 0
n 7729 0
n 7730 0
n 7731 0
n 7732 0
n 7733 0
n 7734 0
n 7735 0
n 7736 0
n 7737 0
n 7738 0
n 7739 0
n 7740 0
n 7741 0
n 7742 0
n 7743 0
n 7744 0
n 7745 0
n 7746 0
n 7747 0
n 7748 0
n 7749 0
n 7750 0
n 7751 0
n 7752 0
n 7753 0
n 7754 0
n 7755 0
n 7756 0
n 7757 0
n 7758 0
n 7759 0
n 7760 0
n 7761 0
n 7762 0
n 7763 0
n 7764 0
n 7765 0
n 7766 0
n 7767 0
n 7768 0
n 7769 0
n 7770 0
n 7771 0
n 7772 0
n 7773 0
n 7774 0
n 7775 0
n 7776 0
n 7777 0
n 7778 0
n 7779 0
n 7780 0
n 7781 0
n 7782 0
n 7783 0
n 7784 0
n 7785 0
n 7786 0
n 7787 0
n 7788 0
n 7789 0
n 7790 0
n 7791 0
n 7792 0
n 7793 0
n 7794 0
n 7795 0
n 7796 0
n 7797 0
n 7798 0
n 7799 0
n 7800 0
n 7801 0
n 7802 0
n 7803 0
n 7804 0
n 7805 0
n 7806 0
n 7807 0
n 7808 0
n 7809 0
n 7810 0
n 7811 0
n 7812 0
n 7813 0
n 7814 0
n 7815 0
n 7816 0
n 7817 0
n 7818 0
n 7819 0
n 7820 0
n 7821 0
n 7822 0
n 7823 0
n 7824 0
n 7825 0
n 7826 0
n 7827 0
n 7828 0
n 7829 0
n 7830 0
n 7831 0
n 7832 0
n 7833 0
n 7834 0
n 7835 0
n 7836 0
n 7837 0
n 7838 0
n 7839 0
n 7840 0
n 7841 0
n 7842 0
n 7843 0
n 7844 0
n 7845 0
n 7846 0
n 7847 0
n 7848 0
n 7849 0
n 7850 0
n 7851 0
n 7852 0
n 7853 0
n 7854 0
n 7855 0
n 7856 0
n 7857 0
n 7858 0
n 7859 0
n 7860 0
n 7861 0
n 7862 0
n 7863 0
n 7864 0
n 7865 0
n 7866 0
n 7867 0
n 7868 0
n 7869 0
n 7870 0
n 7871 0
n 7872 0
n 7873 0
n 7874 0
n 7875 0
n 7876 0
n 7877 0
n 7878 0
n 7879 0
n 7880 0
n 7881 0
n 7882 0
n 7883 0
n 7884 0
n 7885 0
n 7886 0
n 7887 0
n 7888 0
n 7889 0
n 7890 0
n 7891 0
n 7892 0
n 7893 0
n 7894 0
n 7895 0
n 7896 0
n 7897 0
n 7898 0
n 7899 0
n 7900 0
n 7901 0
n 7902 0
n 7903 0
n 7904 0
n 7905 0
n 7906 0
n 7907 0
n 7908 0
n 7909 0
n 7910 0
n 7911 0
n 7912 0
n 7913 0
n 7914 0
n 7915 0
n 7916 0
n 7917 0
n 7918 0
n 7919 0
n 7920 0
n 7921 0
n 7922 0
n 7923 0
n 7924 0
n 7925 0
n 7926 0
n 7927 0
n 7928 0
n 7929 0
n 7930 0
n 7931 0
n 7932 0
n 7933 0
n 7934 0
n 7935 0
n 7936 0
n 7937 0
n 7938 0
n 7939 0
n 7940 0
n 7941 0
n 7942 0
n 7943 0
n 7944 0
n 7945 0
n 7946 0
n 7947 0
n 7948 0
n 7949 0
n 7950 0
n 7951 0
n 7952 0
n 7953 0
n 7954 0
n 7955 0
n 7956 0
n 7957 0
n 7958 0
n 7959 0
n 7960 0
n 7961 0
n 7962 0
n 7963 0
n 7964 0
n 7965 0
n 7966 0
n 7967 0
n 7968 0
n 7969 0
n 7970 0
n 7971 0
n 7972 0
n 7973 0
n 7974 0
n 7975 0
n 7976 0
n 7977 0
n 7978 0
n 7979 0
n 7980 0
n 7981 0
n 7982 0
n 7983 0
n 7984 0
n 7985 0
n 7986 0
n 7987 0
n 7988 0
n 7989 0
n 7990 0
n 7991 0
n 7992 0
n 7993 0
n 7994 0
n 7995 0
